{
  "type": "FeatureCollection",
  "features": [
    {
      "type": "Feature",
      "properties": {
        "station_name": "LM Hub_SP_Jardim Adriana",
        "zone_id": "B-14",
        "zone_name": "B-14",
        "zone_type": 100,
        "zone_area": 2758281,
        "zone_remark": ""
      },
      "geometry": {
        "type": "Polygon",
        "coordinates": [
          [
            [
              -46.4395594,
              -23.3879368
            ],
            [
              -46.4421119,
              -23.3887411
            ],
            [
              -46.4432005,
              -23.3895004
            ],
            [
              -46.4449885,
              -23.3898675
            ],
            [
              -46.4524426,
              -23.3929976
            ],
            [
              -46.4553155,
              -23.3944538
            ],
            [
              -46.4561756,
              -23.3746222
            ],
            [
              -46.4560241,
              -23.3745925
            ],
            [
              -46.4547763,
              -23.3716581
            ],
            [
              -46.4525891,
              -23.3728174
            ],
            [
              -46.4506887,
              -23.3739586
            ],
            [
              -46.4484537,
              -23.3754179
            ],
            [
              -46.4484298,
              -23.3760982
            ],
            [
              -46.4478975,
              -23.3758432
            ],
            [
              -46.4477597,
              -23.3763311
            ],
            [
              -46.4479171,
              -23.3775414
            ],
            [
              -46.4446492,
              -23.3792467
            ],
            [
              -46.4435297,
              -23.3812451
            ],
            [
              -46.4434468,
              -23.3818731
            ],
            [
              -46.4419957,
              -23.3820062
            ],
            [
              -46.4408141,
              -23.3824821
            ],
            [
              -46.4401506,
              -23.3819111
            ],
            [
              -46.4390934,
              -23.3815685
            ],
            [
              -46.4384922,
              -23.3815685
            ],
            [
              -46.4386915,
              -23.3821861
            ],
            [
              -46.4375954,
              -23.3830551
            ],
            [
              -46.4363996,
              -23.3829635
            ],
            [
              -46.4360508,
              -23.3823461
            ],
            [
              -46.4356629,
              -23.3823935
            ],
            [
              -46.4357197,
              -23.3826824
            ],
            [
              -46.4364481,
              -23.3837509
            ],
            [
              -46.4358547,
              -23.3859358
            ],
            [
              -46.4396205,
              -23.3878618
            ],
            [
              -46.4395594,
              -23.3879368
            ]
          ]
        ]
      }
    },
    {
      "type": "Feature",
      "properties": {
        "station_name": "LM Hub_SP_Jardim Adriana",
        "zone_id": "B-16",
        "zone_name": "B-16",
        "zone_type": 100,
        "zone_area": 3059532,
        "zone_remark": ""
      },
      "geometry": {
        "type": "Polygon",
        "coordinates": [
          [
            [
              -46.4484738,
              -23.4016491
            ],
            [
              -46.4495467,
              -23.4007301
            ],
            [
              -46.4508708,
              -23.4003611
            ],
            [
              -46.4508471,
              -23.4013594
            ],
            [
              -46.4512625,
              -23.4018399
            ],
            [
              -46.4530532,
              -23.4027324
            ],
            [
              -46.4532187,
              -23.4044251
            ],
            [
              -46.4544482,
              -23.4051196
            ],
            [
              -46.4550631,
              -23.4053801
            ],
            [
              -46.4565053,
              -23.4048809
            ],
            [
              -46.4574984,
              -23.4050111
            ],
            [
              -46.4574511,
              -23.4055537
            ],
            [
              -46.4587752,
              -23.4057273
            ],
            [
              -46.4597682,
              -23.4061613
            ],
            [
              -46.4610451,
              -23.4058575
            ],
            [
              -46.4613997,
              -23.4066388
            ],
            [
              -46.4617679,
              -23.4071699
            ],
            [
              -46.4623895,
              -23.4062508
            ],
            [
              -46.4628287,
              -23.4045983
            ],
            [
              -46.4637509,
              -23.4043161
            ],
            [
              -46.4648487,
              -23.4028248
            ],
            [
              -46.4655952,
              -23.4023814
            ],
            [
              -46.4665084,
              -23.4015753
            ],
            [
              -46.4672111,
              -23.4002855
            ],
            [
              -46.4674202,
              -23.4000695
            ],
            [
              -46.4653682,
              -23.3995486
            ],
            [
              -46.4553155,
              -23.3944538
            ],
            [
              -46.4524426,
              -23.3929976
            ],
            [
              -46.4449885,
              -23.3898675
            ],
            [
              -46.4432005,
              -23.3895004
            ],
            [
              -46.4421119,
              -23.3887411
            ],
            [
              -46.4395594,
              -23.3879368
            ],
            [
              -46.4365312,
              -23.3916567
            ],
            [
              -46.4383326,
              -23.3928268
            ],
            [
              -46.4402661,
              -23.3906936
            ],
            [
              -46.4424693,
              -23.3893503
            ],
            [
              -46.4419394,
              -23.3955281
            ],
            [
              -46.4415458,
              -23.4004849
            ],
            [
              -46.4407895,
              -23.4029169
            ],
            [
              -46.4403781,
              -23.4062227
            ],
            [
              -46.4449629,
              -23.4062836
            ],
            [
              -46.4484738,
              -23.4016491
            ]
          ]
        ]
      }
    },
    {
      "type": "Feature",
      "properties": {
        "station_name": "LM Hub_SP_Jardim Adriana",
        "zone_id": "A-1",
        "zone_name": "A-1",
        "zone_type": 100,
        "zone_area": 325934,
        "zone_remark": ""
      },
      "geometry": {
        "type": "Polygon",
        "coordinates": [
          [
            [
              -46.5703812,
              -23.4301755
            ],
            [
              -46.5699948,
              -23.4307558
            ],
            [
              -46.5691146,
              -23.4328825
            ],
            [
              -46.5686599,
              -23.4339811
            ],
            [
              -46.5681705,
              -23.4367979
            ],
            [
              -46.5680739,
              -23.4384122
            ],
            [
              -46.5684707,
              -23.4385307
            ],
            [
              -46.5691184,
              -23.4388338
            ],
            [
              -46.5695718,
              -23.4390181
            ],
            [
              -46.5700058,
              -23.4392321
            ],
            [
              -46.5703297,
              -23.4395708
            ],
            [
              -46.5707896,
              -23.4399096
            ],
            [
              -46.5710875,
              -23.4400998
            ],
            [
              -46.5724621,
              -23.4391452
            ],
            [
              -46.5737011,
              -23.4383346
            ],
            [
              -46.5713634,
              -23.4354307
            ],
            [
              -46.5712862,
              -23.4351119
            ],
            [
              -46.5714986,
              -23.4342618
            ],
            [
              -46.5716144,
              -23.4334648
            ],
            [
              -46.5714213,
              -23.4327918
            ],
            [
              -46.5714406,
              -23.4320481
            ],
            [
              -46.5716916,
              -23.4313218
            ],
            [
              -46.5714021,
              -23.4310738
            ],
            [
              -46.5703812,
              -23.4301755
            ]
          ]
        ]
      }
    },
    {
      "type": "Feature",
      "properties": {
        "station_name": "LM Hub_SP_Jardim Adriana",
        "zone_id": "A-2",
        "zone_name": "A-2",
        "zone_type": 100,
        "zone_area": 2804313,
        "zone_remark": ""
      },
      "geometry": {
        "type": "Polygon",
        "coordinates": [
          [
            [
              -46.5688509,
              -23.4455636
            ],
            [
              -46.5693946,
              -23.4479175
            ],
            [
              -46.5727945,
              -23.4477774
            ],
            [
              -46.5729132,
              -23.4477879
            ],
            [
              -46.5736805,
              -23.4478559
            ],
            [
              -46.5747819,
              -23.4487682
            ],
            [
              -46.5750336,
              -23.4495686
            ],
            [
              -46.5756189,
              -23.4500781
            ],
            [
              -46.5759964,
              -23.4500943
            ],
            [
              -46.5773329,
              -23.4503285
            ],
            [
              -46.5770458,
              -23.4496601
            ],
            [
              -46.5779657,
              -23.4493967
            ],
            [
              -46.5782281,
              -23.4500406
            ],
            [
              -46.5779143,
              -23.4501772
            ],
            [
              -46.5784957,
              -23.4504569
            ],
            [
              -46.5784798,
              -23.4507496
            ],
            [
              -46.5783114,
              -23.4510993
            ],
            [
              -46.5779763,
              -23.4515701
            ],
            [
              -46.5781697,
              -23.4517642
            ],
            [
              -46.5782881,
              -23.4518831
            ],
            [
              -46.5785971,
              -23.4518589
            ],
            [
              -46.5789587,
              -23.4515121
            ],
            [
              -46.5793334,
              -23.4513945
            ],
            [
              -46.5800269,
              -23.4517624
            ],
            [
              -46.5802685,
              -23.4521755
            ],
            [
              -46.5801321,
              -23.4524544
            ],
            [
              -46.5794879,
              -23.4527575
            ],
            [
              -46.5794287,
              -23.4529595
            ],
            [
              -46.5797735,
              -23.4533661
            ],
            [
              -46.5804361,
              -23.4534832
            ],
            [
              -46.5810477,
              -23.4533772
            ],
            [
              -46.5812548,
              -23.4533584
            ],
            [
              -46.5818716,
              -23.4536848
            ],
            [
              -46.5831763,
              -23.4542454
            ],
            [
              -46.5844522,
              -23.4550447
            ],
            [
              -46.5849851,
              -23.4562771
            ],
            [
              -46.5856273,
              -23.4565178
            ],
            [
              -46.5856421,
              -23.4564909
            ],
            [
              -46.5888675,
              -23.4560101
            ],
            [
              -46.5897141,
              -23.4529772
            ],
            [
              -46.5906011,
              -23.4473921
            ],
            [
              -46.5898889,
              -23.4418558
            ],
            [
              -46.5882051,
              -23.4419467
            ],
            [
              -46.5881557,
              -23.4409262
            ],
            [
              -46.5876367,
              -23.4404499
            ],
            [
              -46.5876151,
              -23.4403869
            ],
            [
              -46.5857325,
              -23.4401887
            ],
            [
              -46.5849856,
              -23.4403938
            ],
            [
              -46.5836023,
              -23.4412514
            ],
            [
              -46.5829294,
              -23.4412857
            ],
            [
              -46.5820321,
              -23.4413772
            ],
            [
              -46.5812096,
              -23.4414916
            ],
            [
              -46.5799136,
              -23.4421205
            ],
            [
              -46.5793777,
              -23.4424635
            ],
            [
              -46.5788917,
              -23.4424064
            ],
            [
              -46.5785054,
              -23.4422806
            ],
            [
              -46.5773215,
              -23.4410113
            ],
            [
              -46.5770371,
              -23.4405033
            ],
            [
              -46.5770071,
              -23.4405202
            ],
            [
              -46.5766727,
              -23.4404293
            ],
            [
              -46.5758431,
              -23.4396679
            ],
            [
              -46.5749761,
              -23.4386679
            ],
            [
              -46.5745302,
              -23.4383951
            ],
            [
              -46.5741215,
              -23.4382361
            ],
            [
              -46.5737128,
              -23.4383269
            ],
            [
              -46.5737011,
              -23.4383346
            ],
            [
              -46.5724621,
              -23.4391452
            ],
            [
              -46.5710875,
              -23.4400998
            ],
            [
              -46.5707896,
              -23.4399096
            ],
            [
              -46.5703297,
              -23.4395708
            ],
            [
              -46.5700058,
              -23.4392321
            ],
            [
              -46.5695718,
              -23.4390181
            ],
            [
              -46.5691184,
              -23.4388338
            ],
            [
              -46.5684707,
              -23.4385307
            ],
            [
              -46.5680739,
              -23.4384122
            ],
            [
              -46.5679481,
              -23.4405129
            ],
            [
              -46.5682595,
              -23.4430031
            ],
            [
              -46.5688509,
              -23.4455636
            ]
          ]
        ]
      }
    },
    {
      "type": "Feature",
      "properties": {
        "station_name": "LM Hub_SP_Jardim Adriana",
        "zone_id": "A-3",
        "zone_name": "A-3",
        "zone_type": 100,
        "zone_area": 2710017,
        "zone_remark": ""
      },
      "geometry": {
        "type": "Polygon",
        "coordinates": [
          [
            [
              -46.5953853,
              -23.4350702
            ],
            [
              -46.5953853,
              -23.4347174
            ],
            [
              -46.5955283,
              -23.4339631
            ],
            [
              -46.5961427,
              -23.4336225
            ],
            [
              -46.5960713,
              -23.4329011
            ],
            [
              -46.5944318,
              -23.4320707
            ],
            [
              -46.5939301,
              -23.4324072
            ],
            [
              -46.5934668,
              -23.4322655
            ],
            [
              -46.5924632,
              -23.4327614
            ],
            [
              -46.5919614,
              -23.4328145
            ],
            [
              -46.5910929,
              -23.4325134
            ],
            [
              -46.5909086,
              -23.4322069
            ],
            [
              -46.5904292,
              -23.4318052
            ],
            [
              -46.5897621,
              -23.4316713
            ],
            [
              -46.5893035,
              -23.4314321
            ],
            [
              -46.5888866,
              -23.4309443
            ],
            [
              -46.5882404,
              -23.4306765
            ],
            [
              -46.5875629,
              -23.4305809
            ],
            [
              -46.5873858,
              -23.4307531
            ],
            [
              -46.5853742,
              -23.4304948
            ],
            [
              -46.5849052,
              -23.4303131
            ],
            [
              -46.5842485,
              -23.4299305
            ],
            [
              -46.5839881,
              -23.4298349
            ],
            [
              -46.5836441,
              -23.4298062
            ],
            [
              -46.5833418,
              -23.4296531
            ],
            [
              -46.5819736,
              -23.4297921
            ],
            [
              -46.5812307,
              -23.4310937
            ],
            [
              -46.5810506,
              -23.4313623
            ],
            [
              -46.5796997,
              -23.4306392
            ],
            [
              -46.5792494,
              -23.4305359
            ],
            [
              -46.5785741,
              -23.4298541
            ],
            [
              -46.5778535,
              -23.4292962
            ],
            [
              -46.5778311,
              -23.4289657
            ],
            [
              -46.5768179,
              -23.4291311
            ],
            [
              -46.5764126,
              -23.4289657
            ],
            [
              -46.5762551,
              -23.4286351
            ],
            [
              -46.5760974,
              -23.4281806
            ],
            [
              -46.5757372,
              -23.4281806
            ],
            [
              -46.5749267,
              -23.4279533
            ],
            [
              -46.5748141,
              -23.4277053
            ],
            [
              -46.5758272,
              -23.4264451
            ],
            [
              -46.5757147,
              -23.4255772
            ],
            [
              -46.5752419,
              -23.4250194
            ],
            [
              -46.5745163,
              -23.4248446
            ],
            [
              -46.5749497,
              -23.4243249
            ],
            [
              -46.5744678,
              -23.4249027
            ],
            [
              -46.5716126,
              -23.4283261
            ],
            [
              -46.5703812,
              -23.4301755
            ],
            [
              -46.5714021,
              -23.4310738
            ],
            [
              -46.5716916,
              -23.4313218
            ],
            [
              -46.5714406,
              -23.4320481
            ],
            [
              -46.5714213,
              -23.4327918
            ],
            [
              -46.5716144,
              -23.4334648
            ],
            [
              -46.5714986,
              -23.4342618
            ],
            [
              -46.5712862,
              -23.4351119
            ],
            [
              -46.5713634,
              -23.4354307
            ],
            [
              -46.5737011,
              -23.4383346
            ],
            [
              -46.5737128,
              -23.4383269
            ],
            [
              -46.5741215,
              -23.4382361
            ],
            [
              -46.5745302,
              -23.4383951
            ],
            [
              -46.5749761,
              -23.4386679
            ],
            [
              -46.5758431,
              -23.4396679
            ],
            [
              -46.5766727,
              -23.4404293
            ],
            [
              -46.5770071,
              -23.4405202
            ],
            [
              -46.5770371,
              -23.4405033
            ],
            [
              -46.5773215,
              -23.4410113
            ],
            [
              -46.5785054,
              -23.4422806
            ],
            [
              -46.5788917,
              -23.4424064
            ],
            [
              -46.5793777,
              -23.4424635
            ],
            [
              -46.5799136,
              -23.4421205
            ],
            [
              -46.5812096,
              -23.4414916
            ],
            [
              -46.5820321,
              -23.4413772
            ],
            [
              -46.5829294,
              -23.4412857
            ],
            [
              -46.5836023,
              -23.4412514
            ],
            [
              -46.5849856,
              -23.4403938
            ],
            [
              -46.5857325,
              -23.4401887
            ],
            [
              -46.5876151,
              -23.4403869
            ],
            [
              -46.5876367,
              -23.4404499
            ],
            [
              -46.5881557,
              -23.4409262
            ],
            [
              -46.5882051,
              -23.4419467
            ],
            [
              -46.5898889,
              -23.4418558
            ],
            [
              -46.5898059,
              -23.4412108
            ],
            [
              -46.5910155,
              -23.4402089
            ],
            [
              -46.5953853,
              -23.4350702
            ]
          ]
        ]
      }
    },
    {
      "type": "Feature",
      "properties": {
        "station_name": "LM Hub_SP_Jardim Adriana",
        "zone_id": "A-4",
        "zone_name": "A-4",
        "zone_type": 100,
        "zone_area": 4371776,
        "zone_remark": ""
      },
      "geometry": {
        "type": "Polygon",
        "coordinates": [
          [
            [
              -46.5765821,
              -23.3996468
            ],
            [
              -46.5762598,
              -23.4005341
            ],
            [
              -46.5752989,
              -23.4021878
            ],
            [
              -46.5755992,
              -23.4036212
            ],
            [
              -46.5765001,
              -23.4045032
            ],
            [
              -46.5784221,
              -23.4048341
            ],
            [
              -46.5798035,
              -23.4053853
            ],
            [
              -46.5813183,
              -23.4098076
            ],
            [
              -46.5817988,
              -23.4128394
            ],
            [
              -46.5796966,
              -23.4174147
            ],
            [
              -46.5792358,
              -23.4191327
            ],
            [
              -46.5790566,
              -23.4190805
            ],
            [
              -46.5777974,
              -23.4211402
            ],
            [
              -46.5749497,
              -23.4243249
            ],
            [
              -46.5745163,
              -23.4248446
            ],
            [
              -46.5752419,
              -23.4250194
            ],
            [
              -46.5757147,
              -23.4255772
            ],
            [
              -46.5758272,
              -23.4264451
            ],
            [
              -46.5748141,
              -23.4277053
            ],
            [
              -46.5749267,
              -23.4279533
            ],
            [
              -46.5757372,
              -23.4281806
            ],
            [
              -46.5760974,
              -23.4281806
            ],
            [
              -46.5762551,
              -23.4286351
            ],
            [
              -46.5764126,
              -23.4289657
            ],
            [
              -46.5768179,
              -23.4291311
            ],
            [
              -46.5778311,
              -23.4289657
            ],
            [
              -46.5778535,
              -23.4292962
            ],
            [
              -46.5785741,
              -23.4298541
            ],
            [
              -46.5792494,
              -23.4305359
            ],
            [
              -46.5796997,
              -23.4306392
            ],
            [
              -46.5810506,
              -23.4313623
            ],
            [
              -46.5812307,
              -23.4310937
            ],
            [
              -46.5819736,
              -23.4297921
            ],
            [
              -46.5833418,
              -23.4296531
            ],
            [
              -46.5836441,
              -23.4298062
            ],
            [
              -46.5839881,
              -23.4298349
            ],
            [
              -46.5842485,
              -23.4299305
            ],
            [
              -46.5849052,
              -23.4303131
            ],
            [
              -46.5853742,
              -23.4304948
            ],
            [
              -46.5873858,
              -23.4307531
            ],
            [
              -46.5875629,
              -23.4305809
            ],
            [
              -46.5882404,
              -23.4306765
            ],
            [
              -46.5888866,
              -23.4309443
            ],
            [
              -46.5893035,
              -23.4314321
            ],
            [
              -46.5897621,
              -23.4316713
            ],
            [
              -46.5904292,
              -23.4318052
            ],
            [
              -46.5909086,
              -23.4322069
            ],
            [
              -46.5910929,
              -23.4325134
            ],
            [
              -46.5919614,
              -23.4328145
            ],
            [
              -46.5924632,
              -23.4327614
            ],
            [
              -46.5934668,
              -23.4322655
            ],
            [
              -46.5939301,
              -23.4324072
            ],
            [
              -46.5944318,
              -23.4320707
            ],
            [
              -46.5960713,
              -23.4329011
            ],
            [
              -46.5961427,
              -23.4336225
            ],
            [
              -46.5955283,
              -23.4339631
            ],
            [
              -46.5953853,
              -23.4347174
            ],
            [
              -46.5953853,
              -23.4350702
            ],
            [
              -46.5991119,
              -23.4306878
            ],
            [
              -46.5917352,
              -23.4167376
            ],
            [
              -46.5859979,
              -23.4058878
            ],
            [
              -46.5765821,
              -23.3996468
            ]
          ]
        ]
      }
    },
    {
      "type": "Feature",
      "properties": {
        "station_name": "LM Hub_SP_Jardim Adriana",
        "zone_id": "A-5",
        "zone_name": "A-5",
        "zone_type": 100,
        "zone_area": 241626,
        "zone_remark": ""
      },
      "geometry": {
        "type": "Polygon",
        "coordinates": [
          [
            [
              -46.5693946,
              -23.4479175
            ],
            [
              -46.5698759,
              -23.4500015
            ],
            [
              -46.5705468,
              -23.4529028
            ],
            [
              -46.5724329,
              -23.4533937
            ],
            [
              -46.5733951,
              -23.4531387
            ],
            [
              -46.5740151,
              -23.4533152
            ],
            [
              -46.5746514,
              -23.4533321
            ],
            [
              -46.5747634,
              -23.4533349
            ],
            [
              -46.5736944,
              -23.4492347
            ],
            [
              -46.5734806,
              -23.4490582
            ],
            [
              -46.5730743,
              -23.4484108
            ],
            [
              -46.5729132,
              -23.4477879
            ],
            [
              -46.5727945,
              -23.4477774
            ],
            [
              -46.5693946,
              -23.4479175
            ]
          ]
        ]
      }
    },
    {
      "type": "Feature",
      "properties": {
        "station_name": "LM Hub_SP_Jardim Adriana",
        "zone_id": "A-6",
        "zone_name": "A-6",
        "zone_type": 100,
        "zone_area": 187124,
        "zone_remark": ""
      },
      "geometry": {
        "type": "Polygon",
        "coordinates": [
          [
            [
              -46.5781697,
              -23.4517642
            ],
            [
              -46.5779763,
              -23.4515701
            ],
            [
              -46.5783114,
              -23.4510993
            ],
            [
              -46.5784798,
              -23.4507496
            ],
            [
              -46.5784957,
              -23.4504569
            ],
            [
              -46.5779143,
              -23.4501772
            ],
            [
              -46.5782281,
              -23.4500406
            ],
            [
              -46.5779657,
              -23.4493967
            ],
            [
              -46.5770458,
              -23.4496601
            ],
            [
              -46.5773329,
              -23.4503285
            ],
            [
              -46.5759964,
              -23.4500943
            ],
            [
              -46.5756189,
              -23.4500781
            ],
            [
              -46.5750336,
              -23.4495686
            ],
            [
              -46.5747819,
              -23.4487682
            ],
            [
              -46.5736805,
              -23.4478559
            ],
            [
              -46.5729132,
              -23.4477879
            ],
            [
              -46.5730743,
              -23.4484108
            ],
            [
              -46.5734806,
              -23.4490582
            ],
            [
              -46.5736944,
              -23.4492347
            ],
            [
              -46.5747634,
              -23.4533349
            ],
            [
              -46.5746514,
              -23.4533321
            ],
            [
              -46.5748174,
              -23.4534162
            ],
            [
              -46.5750633,
              -23.4536262
            ],
            [
              -46.5752668,
              -23.4538441
            ],
            [
              -46.5757332,
              -23.4538985
            ],
            [
              -46.5764031,
              -23.4539296
            ],
            [
              -46.5766321,
              -23.4539997
            ],
            [
              -46.5768001,
              -23.4541925
            ],
            [
              -46.5781697,
              -23.4517642
            ]
          ]
        ]
      }
    },
    {
      "type": "Feature",
      "properties": {
        "station_name": "LM Hub_SP_Jardim Adriana",
        "zone_id": "A-7",
        "zone_name": "A-7",
        "zone_type": 100,
        "zone_area": 311848,
        "zone_remark": ""
      },
      "geometry": {
        "type": "Polygon",
        "coordinates": [
          [
            [
              -46.5856273,
              -23.4565178
            ],
            [
              -46.5849851,
              -23.4562771
            ],
            [
              -46.5844522,
              -23.4550447
            ],
            [
              -46.5831763,
              -23.4542454
            ],
            [
              -46.5818716,
              -23.4536848
            ],
            [
              -46.5812548,
              -23.4533584
            ],
            [
              -46.5810477,
              -23.4533772
            ],
            [
              -46.5804361,
              -23.4534832
            ],
            [
              -46.5797735,
              -23.4533661
            ],
            [
              -46.5794287,
              -23.4529595
            ],
            [
              -46.5794879,
              -23.4527575
            ],
            [
              -46.5801321,
              -23.4524544
            ],
            [
              -46.5802685,
              -23.4521755
            ],
            [
              -46.5800269,
              -23.4517624
            ],
            [
              -46.5793334,
              -23.4513945
            ],
            [
              -46.5789587,
              -23.4515121
            ],
            [
              -46.5785971,
              -23.4518589
            ],
            [
              -46.5782881,
              -23.4518831
            ],
            [
              -46.5781697,
              -23.4517642
            ],
            [
              -46.5768001,
              -23.4541925
            ],
            [
              -46.5768355,
              -23.4542331
            ],
            [
              -46.5769118,
              -23.4545521
            ],
            [
              -46.5769882,
              -23.4548633
            ],
            [
              -46.5774037,
              -23.4552601
            ],
            [
              -46.5777683,
              -23.4552367
            ],
            [
              -46.5781159,
              -23.4552367
            ],
            [
              -46.5784467,
              -23.4555713
            ],
            [
              -46.5792692,
              -23.4560381
            ],
            [
              -46.5794642,
              -23.4560847
            ],
            [
              -46.5799643,
              -23.4561084
            ],
            [
              -46.5799957,
              -23.4564398
            ],
            [
              -46.5801999,
              -23.4566559
            ],
            [
              -46.5809222,
              -23.4568721
            ],
            [
              -46.5822254,
              -23.4571313
            ],
            [
              -46.5827907,
              -23.4576355
            ],
            [
              -46.5835915,
              -23.4580965
            ],
            [
              -46.5842824,
              -23.4582262
            ],
            [
              -46.5846191,
              -23.4583541
            ],
            [
              -46.5856273,
              -23.4565178
            ]
          ]
        ]
      }
    },
    {
      "type": "Feature",
      "properties": {
        "station_name": "LM Hub_SP_Jardim Adriana",
        "zone_id": "A-8",
        "zone_name": "A-8",
        "zone_type": 100,
        "zone_area": 926684,
        "zone_remark": ""
      },
      "geometry": {
        "type": "Polygon",
        "coordinates": [
          [
            [
              -46.5705468,
              -23.4529028
            ],
            [
              -46.5710501,
              -23.4550797
            ],
            [
              -46.5711428,
              -23.4556964
            ],
            [
              -46.5715841,
              -23.4586309
            ],
            [
              -46.5715798,
              -23.4592384
            ],
            [
              -46.5715788,
              -23.4593786
            ],
            [
              -46.5833336,
              -23.4640512
            ],
            [
              -46.5829005,
              -23.4614838
            ],
            [
              -46.5846191,
              -23.4583541
            ],
            [
              -46.5842824,
              -23.4582262
            ],
            [
              -46.5835915,
              -23.4580965
            ],
            [
              -46.5827907,
              -23.4576355
            ],
            [
              -46.5822254,
              -23.4571313
            ],
            [
              -46.5809222,
              -23.4568721
            ],
            [
              -46.5801999,
              -23.4566559
            ],
            [
              -46.5799957,
              -23.4564398
            ],
            [
              -46.5799643,
              -23.4561084
            ],
            [
              -46.5794642,
              -23.4560847
            ],
            [
              -46.5792692,
              -23.4560381
            ],
            [
              -46.5784467,
              -23.4555713
            ],
            [
              -46.5781159,
              -23.4552367
            ],
            [
              -46.5777683,
              -23.4552367
            ],
            [
              -46.5774037,
              -23.4552601
            ],
            [
              -46.5769882,
              -23.4548633
            ],
            [
              -46.5769118,
              -23.4545521
            ],
            [
              -46.5768355,
              -23.4542331
            ],
            [
              -46.5768001,
              -23.4541925
            ],
            [
              -46.5766321,
              -23.4539997
            ],
            [
              -46.5764031,
              -23.4539296
            ],
            [
              -46.5757332,
              -23.4538985
            ],
            [
              -46.5752668,
              -23.4538441
            ],
            [
              -46.5750633,
              -23.4536262
            ],
            [
              -46.5748174,
              -23.4534162
            ],
            [
              -46.5746514,
              -23.4533321
            ],
            [
              -46.5740151,
              -23.4533152
            ],
            [
              -46.5733951,
              -23.4531387
            ],
            [
              -46.5724329,
              -23.4533937
            ],
            [
              -46.5705468,
              -23.4529028
            ]
          ]
        ]
      }
    },
    {
      "type": "Feature",
      "properties": {
        "station_name": "LM Hub_SP_Jardim Adriana",
        "zone_id": "B-1",
        "zone_name": "B-1",
        "zone_type": 100,
        "zone_area": 4080969,
        "zone_remark": ""
      },
      "geometry": {
        "type": "Polygon",
        "coordinates": [
          [
            [
              -46.5749497,
              -23.4243249
            ],
            [
              -46.5777974,
              -23.4211402
            ],
            [
              -46.5790566,
              -23.4190805
            ],
            [
              -46.5792358,
              -23.4191327
            ],
            [
              -46.5796966,
              -23.4174147
            ],
            [
              -46.5817988,
              -23.4128394
            ],
            [
              -46.5813183,
              -23.4098076
            ],
            [
              -46.5798035,
              -23.4053853
            ],
            [
              -46.5784221,
              -23.4048341
            ],
            [
              -46.5765001,
              -23.4045032
            ],
            [
              -46.5755992,
              -23.4036212
            ],
            [
              -46.5752989,
              -23.4021878
            ],
            [
              -46.5762598,
              -23.4005341
            ],
            [
              -46.5765821,
              -23.3996468
            ],
            [
              -46.5764099,
              -23.3995327
            ],
            [
              -46.5765071,
              -23.3992541
            ],
            [
              -46.5760176,
              -23.3981105
            ],
            [
              -46.5748607,
              -23.3972938
            ],
            [
              -46.5731699,
              -23.3959871
            ],
            [
              -46.5721021,
              -23.3944352
            ],
            [
              -46.5711231,
              -23.3916174
            ],
            [
              -46.5708518,
              -23.3911692
            ],
            [
              -46.5706039,
              -23.3999278
            ],
            [
              -46.5685281,
              -23.4041553
            ],
            [
              -46.5660104,
              -23.4082687
            ],
            [
              -46.5652846,
              -23.4094544
            ],
            [
              -46.5631439,
              -23.4125503
            ],
            [
              -46.5599706,
              -23.4198813
            ],
            [
              -46.5608931,
              -23.4211301
            ],
            [
              -46.5631285,
              -23.4218139
            ],
            [
              -46.5658223,
              -23.4220243
            ],
            [
              -46.5677657,
              -23.4221706
            ],
            [
              -46.5694279,
              -23.4225651
            ],
            [
              -46.5710901,
              -23.4235383
            ],
            [
              -46.5724083,
              -23.4241432
            ],
            [
              -46.5738125,
              -23.4247481
            ],
            [
              -46.5744678,
              -23.4249027
            ],
            [
              -46.5749497,
              -23.4243249
            ]
          ]
        ]
      }
    },
    {
      "type": "Feature",
      "properties": {
        "station_name": "LM Hub_SP_Jardim Adriana",
        "zone_id": "B-10",
        "zone_name": "B-10",
        "zone_type": 100,
        "zone_area": 4731296,
        "zone_remark": ""
      },
      "geometry": {
        "type": "Polygon",
        "coordinates": [
          [
            [
              -46.5151417,
              -23.3903366
            ],
            [
              -46.5182454,
              -23.3746663
            ],
            [
              -46.5091127,
              -23.3746663
            ],
            [
              -46.4911202,
              -23.3765014
            ],
            [
              -46.4970072,
              -23.3948631
            ],
            [
              -46.5008505,
              -23.3943383
            ],
            [
              -46.5064128,
              -23.3929312
            ],
            [
              -46.5110115,
              -23.3930518
            ],
            [
              -46.5144156,
              -23.3940028
            ],
            [
              -46.5151417,
              -23.3903366
            ]
          ]
        ]
      }
    },
    {
      "type": "Feature",
      "properties": {
        "station_name": "LM Hub_SP_Jardim Adriana",
        "zone_id": "B-11",
        "zone_name": "B-11",
        "zone_type": 100,
        "zone_area": 1962098,
        "zone_remark": ""
      },
      "geometry": {
        "type": "Polygon",
        "coordinates": [
          [
            [
              -46.5087182,
              -23.4080179
            ],
            [
              -46.5135514,
              -23.4048732
            ],
            [
              -46.5147163,
              -23.4029327
            ],
            [
              -46.5151432,
              -23.4018405
            ],
            [
              -46.5154086,
              -23.4016972
            ],
            [
              -46.5153462,
              -23.4008802
            ],
            [
              -46.5157991,
              -23.4002639
            ],
            [
              -46.5157209,
              -23.3993181
            ],
            [
              -46.5160369,
              -23.3991626
            ],
            [
              -46.5161582,
              -23.3991031
            ],
            [
              -46.5153122,
              -23.3984053
            ],
            [
              -46.5140671,
              -23.3957621
            ],
            [
              -46.5144156,
              -23.3940028
            ],
            [
              -46.5110115,
              -23.3930518
            ],
            [
              -46.5064128,
              -23.3929312
            ],
            [
              -46.5008505,
              -23.3943383
            ],
            [
              -46.4970072,
              -23.3948631
            ],
            [
              -46.4983131,
              -23.3989361
            ],
            [
              -46.4988021,
              -23.3989709
            ],
            [
              -46.5000712,
              -23.3996131
            ],
            [
              -46.5003877,
              -23.3997535
            ],
            [
              -46.5013633,
              -23.4001864
            ],
            [
              -46.5022246,
              -23.4007596
            ],
            [
              -46.5035598,
              -23.4014909
            ],
            [
              -46.5043351,
              -23.4025385
            ],
            [
              -46.5051705,
              -23.4033834
            ],
            [
              -46.5058209,
              -23.4049185
            ],
            [
              -46.5069476,
              -23.4063185
            ],
            [
              -46.5071474,
              -23.4063439
            ],
            [
              -46.5075714,
              -23.4070924
            ],
            [
              -46.5087182,
              -23.4080179
            ]
          ]
        ]
      }
    },
    {
      "type": "Feature",
      "properties": {
        "station_name": "LM Hub_SP_Jardim Adriana",
        "zone_id": "B-12",
        "zone_name": "B-12",
        "zone_type": 100,
        "zone_area": 5904381,
        "zone_remark": ""
      },
      "geometry": {
        "type": "Polygon",
        "coordinates": [
          [
            [
              -46.4970072,
              -23.3948631
            ],
            [
              -46.4911202,
              -23.3765014
            ],
            [
              -46.4877965,
              -23.3768404
            ],
            [
              -46.4877982,
              -23.3767788
            ],
            [
              -46.4877412,
              -23.3766275
            ],
            [
              -46.4875405,
              -23.3763851
            ],
            [
              -46.4872031,
              -23.3761277
            ],
            [
              -46.4866991,
              -23.3759173
            ],
            [
              -46.4862545,
              -23.3758208
            ],
            [
              -46.4858915,
              -23.3758059
            ],
            [
              -46.4855451,
              -23.3758315
            ],
            [
              -46.4853492,
              -23.3758281
            ],
            [
              -46.4851264,
              -23.3757991
            ],
            [
              -46.4844841,
              -23.3755779
            ],
            [
              -46.4842043,
              -23.3753781
            ],
            [
              -46.4841527,
              -23.3752841
            ],
            [
              -46.4841341,
              -23.3752302
            ],
            [
              -46.4839834,
              -23.3753586
            ],
            [
              -46.4837336,
              -23.3756054
            ],
            [
              -46.4835261,
              -23.3757538
            ],
            [
              -46.4831713,
              -23.3760171
            ],
            [
              -46.4830786,
              -23.3761697
            ],
            [
              -46.4830237,
              -23.3763971
            ],
            [
              -46.4830064,
              -23.3763558
            ],
            [
              -46.4828979,
              -23.3762708
            ],
            [
              -46.4826475,
              -23.3759597
            ],
            [
              -46.4825522,
              -23.3757416
            ],
            [
              -46.4825101,
              -23.3756887
            ],
            [
              -46.4826753,
              -23.3754228
            ],
            [
              -46.4824053,
              -23.3750015
            ],
            [
              -46.4814877,
              -23.3747851
            ],
            [
              -46.4813458,
              -23.3747114
            ],
            [
              -46.4808271,
              -23.3743629
            ],
            [
              -46.4806128,
              -23.3742707
            ],
            [
              -46.4801543,
              -23.3740822
            ],
            [
              -46.4799269,
              -23.3741082
            ],
            [
              -46.4794823,
              -23.3741943
            ],
            [
              -46.4791274,
              -23.3742114
            ],
            [
              -46.4788478,
              -23.3741841
            ],
            [
              -46.4784379,
              -23.3741955
            ],
            [
              -46.4768022,
              -23.3733371
            ],
            [
              -46.4767526,
              -23.3732929
            ],
            [
              -46.4767324,
              -23.3732786
            ],
            [
              -46.4767074,
              -23.3732526
            ],
            [
              -46.4765961,
              -23.3731294
            ],
            [
              -46.4764158,
              -23.3729744
            ],
            [
              -46.4762048,
              -23.3728315
            ],
            [
              -46.4760555,
              -23.3726893
            ],
            [
              -46.4760226,
              -23.3725524
            ],
            [
              -46.4760521,
              -23.3724591
            ],
            [
              -46.4765787,
              -23.3721443
            ],
            [
              -46.4769345,
              -23.3718538
            ],
            [
              -46.4762462,
              -23.3711661
            ],
            [
              -46.4760743,
              -23.3710322
            ],
            [
              -46.4758371,
              -23.3707388
            ],
            [
              -46.4756387,
              -23.3704937
            ],
            [
              -46.4752034,
              -23.3700965
            ],
            [
              -46.4747565,
              -23.3696912
            ],
            [
              -46.4744318,
              -23.3694906
            ],
            [
              -46.4742203,
              -23.3693911
            ],
            [
              -46.4738678,
              -23.3692249
            ],
            [
              -46.4734581,
              -23.3692288
            ],
            [
              -46.4731781,
              -23.3692976
            ],
            [
              -46.4728361,
              -23.3693927
            ],
            [
              -46.4726195,
              -23.3695616
            ],
            [
              -46.4724637,
              -23.3696321
            ],
            [
              -46.4723083,
              -23.3696391
            ],
            [
              -46.4722074,
              -23.3696378
            ],
            [
              -46.4718859,
              -23.3694621
            ],
            [
              -46.4714626,
              -23.3693394
            ],
            [
              -46.4711816,
              -23.3693178
            ],
            [
              -46.4707511,
              -23.3693576
            ],
            [
              -46.4705802,
              -23.3692922
            ],
            [
              -46.4706469,
              -23.3695371
            ],
            [
              -46.4706271,
              -23.3698439
            ],
            [
              -46.4705363,
              -23.3701138
            ],
            [
              -46.4705001,
              -23.3701753
            ],
            [
              -46.4704397,
              -23.3703455
            ],
            [
              -46.4704352,
              -23.3703751
            ],
            [
              -46.4704328,
              -23.3704385
            ],
            [
              -46.4704353,
              -23.3705179
            ],
            [
              -46.4704352,
              -23.3705576
            ],
            [
              -46.4704317,
              -23.3705972
            ],
            [
              -46.4704292,
              -23.3706369
            ],
            [
              -46.4704298,
              -23.3706766
            ],
            [
              -46.4704334,
              -23.3707063
            ],
            [
              -46.4704342,
              -23.3707361
            ],
            [
              -46.4704281,
              -23.3707954
            ],
            [
              -46.4704297,
              -23.3708551
            ],
            [
              -46.4704237,
              -23.3709143
            ],
            [
              -46.4703873,
              -23.3711502
            ],
            [
              -46.4703818,
              -23.3712163
            ],
            [
              -46.4703722,
              -23.3712819
            ],
            [
              -46.4703586,
              -23.3713471
            ],
            [
              -46.4703376,
              -23.3714033
            ],
            [
              -46.4703222,
              -23.3714611
            ],
            [
              -46.4702773,
              -23.3715731
            ],
            [
              -46.4702682,
              -23.3715911
            ],
            [
              -46.4702568,
              -23.3716079
            ],
            [
              -46.4702356,
              -23.3716304
            ],
            [
              -46.4702163,
              -23.3716542
            ],
            [
              -46.4701909,
              -23.3716981
            ],
            [
              -46.4701682,
              -23.3717432
            ],
            [
              -46.4701529,
              -23.3717808
            ],
            [
              -46.4701439,
              -23.3718201
            ],
            [
              -46.4701412,
              -23.3718601
            ],
            [
              -46.4701449,
              -23.3719001
            ],
            [
              -46.4701549,
              -23.3719391
            ],
            [
              -46.4701711,
              -23.3719764
            ],
            [
              -46.4701779,
              -23.3720156
            ],
            [
              -46.4701891,
              -23.3720539
            ],
            [
              -46.4701952,
              -23.3720731
            ],
            [
              -46.4702042,
              -23.3720911
            ],
            [
              -46.4702619,
              -23.3721502
            ],
            [
              -46.4703561,
              -23.3722316
            ],
            [
              -46.4703918,
              -23.3722539
            ],
            [
              -46.4704308,
              -23.3722709
            ],
            [
              -46.4704722,
              -23.3722818
            ],
            [
              -46.4705144,
              -23.3722893
            ],
            [
              -46.4705839,
              -23.3723061
            ],
            [
              -46.4706545,
              -23.3723181
            ],
            [
              -46.4707259,
              -23.3723254
            ],
            [
              -46.4708551,
              -23.3723265
            ],
            [
              -46.4709411,
              -23.3723308
            ],
            [
              -46.4710271,
              -23.3723321
            ],
            [
              -46.4711129,
              -23.3723255
            ],
            [
              -46.4711984,
              -23.3723165
            ],
            [
              -46.4712838,
              -23.3723062
            ],
            [
              -46.4713688,
              -23.3722933
            ],
            [
              -46.4714115,
              -23.3722882
            ],
            [
              -46.4714544,
              -23.3722855
            ],
            [
              -46.4715403,
              -23.3722807
            ],
            [
              -46.4716257,
              -23.3722698
            ],
            [
              -46.4717098,
              -23.3722529
            ],
            [
              -46.4720503,
              -23.3722048
            ],
            [
              -46.4721073,
              -23.3721987
            ],
            [
              -46.4721646,
              -23.3721974
            ],
            [
              -46.4722218,
              -23.3722011
            ],
            [
              -46.4722863,
              -23.3721975
            ],
            [
              -46.4723509,
              -23.3721985
            ],
            [
              -46.4724152,
              -23.3722041
            ],
            [
              -46.4725215,
              -23.3722207
            ],
            [
              -46.4725631,
              -23.3722313
            ],
            [
              -46.4726032,
              -23.3722459
            ],
            [
              -46.4726582,
              -23.3722775
            ],
            [
              -46.4727099,
              -23.3723136
            ],
            [
              -46.4727528,
              -23.3723489
            ],
            [
              -46.4727915,
              -23.3723881
            ],
            [
              -46.4728256,
              -23.3724308
            ],
            [
              -46.4728521,
              -23.3724621
            ],
            [
              -46.4728821,
              -23.3724902
            ],
            [
              -46.4729162,
              -23.3725144
            ],
            [
              -46.4729521,
              -23.3725364
            ],
            [
              -46.4729876,
              -23.3725591
            ],
            [
              -46.4730211,
              -23.3725843
            ],
            [
              -46.4731461,
              -23.3726936
            ],
            [
              -46.4733439,
              -23.3728469
            ],
            [
              -46.4734061,
              -23.3729021
            ],
            [
              -46.4734645,
              -23.3729606
            ],
            [
              -46.4735037,
              -23.3729991
            ],
            [
              -46.4735469,
              -23.3730341
            ],
            [
              -46.4735934,
              -23.3730649
            ],
            [
              -46.4736692,
              -23.3731027
            ],
            [
              -46.4737414,
              -23.3731462
            ],
            [
              -46.4738095,
              -23.3731951
            ],
            [
              -46.4738731,
              -23.3732488
            ],
            [
              -46.4739431,
              -23.3732949
            ],
            [
              -46.4740097,
              -23.3733452
            ],
            [
              -46.4741108,
              -23.3734195
            ],
            [
              -46.4742087,
              -23.3734973
            ],
            [
              -46.4742678,
              -23.3735551
            ],
            [
              -46.4743231,
              -23.3736162
            ],
            [
              -46.4743738,
              -23.3736803
            ],
            [
              -46.4743903,
              -23.3737099
            ],
            [
              -46.4744103,
              -23.3737375
            ],
            [
              -46.4744336,
              -23.3737629
            ],
            [
              -46.4744586,
              -23.3737821
            ],
            [
              -46.4744847,
              -23.3737996
            ],
            [
              -46.4745002,
              -23.3738131
            ],
            [
              -46.4745132,
              -23.3738286
            ],
            [
              -46.4745582,
              -23.3738971
            ],
            [
              -46.4746341,
              -23.3739935
            ],
            [
              -46.4747045,
              -23.3740934
            ],
            [
              -46.4747693,
              -23.3741965
            ],
            [
              -46.4748413,
              -23.3742957
            ],
            [
              -46.4748623,
              -23.3743303
            ],
            [
              -46.4748792,
              -23.3743669
            ],
            [
              -46.4748916,
              -23.3744049
            ],
            [
              -46.4749209,
              -23.3745426
            ],
            [
              -46.4749489,
              -23.3746373
            ],
            [
              -46.4749771,
              -23.3747124
            ],
            [
              -46.4749987,
              -23.3747844
            ],
            [
              -46.4750278,
              -23.3748643
            ],
            [
              -46.4750371,
              -23.3749031
            ],
            [
              -46.4750401,
              -23.3749428
            ],
            [
              -46.4750385,
              -23.3749655
            ],
            [
              -46.4750411,
              -23.3749881
            ],
            [
              -46.4750481,
              -23.3750099
            ],
            [
              -46.4750588,
              -23.3750304
            ],
            [
              -46.4736612,
              -23.3754363
            ],
            [
              -46.4742458,
              -23.3770837
            ],
            [
              -46.4751221,
              -23.3766873
            ],
            [
              -46.4750757,
              -23.3767856
            ],
            [
              -46.4750354,
              -23.3768862
            ],
            [
              -46.4750014,
              -23.3769886
            ],
            [
              -46.4749738,
              -23.3770927
            ],
            [
              -46.4749525,
              -23.3771981
            ],
            [
              -46.4749377,
              -23.3773044
            ],
            [
              -46.4749469,
              -23.3776818
            ],
            [
              -46.4749614,
              -23.3780083
            ],
            [
              -46.4749736,
              -23.3783165
            ],
            [
              -46.4749504,
              -23.3784707
            ],
            [
              -46.4744484,
              -23.3789107
            ],
            [
              -46.4737894,
              -23.3794873
            ],
            [
              -46.4735092,
              -23.3796884
            ],
            [
              -46.4732147,
              -23.3800749
            ],
            [
              -46.4729631,
              -23.3804395
            ],
            [
              -46.4724347,
              -23.3805951
            ],
            [
              -46.4720547,
              -23.3806982
            ],
            [
              -46.4715281,
              -23.3808306
            ],
            [
              -46.4712682,
              -23.3810191
            ],
            [
              -46.4711127,
              -23.3813092
            ],
            [
              -46.4707921,
              -23.3817221
            ],
            [
              -46.4703821,
              -23.3823968
            ],
            [
              -46.4703511,
              -23.3825126
            ],
            [
              -46.4716661,
              -23.3926275
            ],
            [
              -46.4771291,
              -23.3953273
            ],
            [
              -46.4781426,
              -23.3983934
            ],
            [
              -46.4788981,
              -23.3980152
            ],
            [
              -46.4826987,
              -23.3975898
            ],
            [
              -46.4857577,
              -23.3987811
            ],
            [
              -46.4885608,
              -23.3990173
            ],
            [
              -46.4902998,
              -23.3991639
            ],
            [
              -46.4958616,
              -23.3984832
            ],
            [
              -46.4969276,
              -23.3985257
            ],
            [
              -46.4982684,
              -23.3987969
            ],
            [
              -46.4983131,
              -23.3989361
            ],
            [
              -46.4970072,
              -23.3948631
            ]
          ]
        ]
      }
    },
    {
      "type": "Feature",
      "properties": {
        "station_name": "LM Hub_SP_Jardim Adriana",
        "zone_id": "B-13",
        "zone_name": "B-13",
        "zone_type": 100,
        "zone_area": 3806683,
        "zone_remark": ""
      },
      "geometry": {
        "type": "Polygon",
        "coordinates": [
          [
            [
              -46.4781827,
              -23.3985146
            ],
            [
              -46.4781426,
              -23.3983934
            ],
            [
              -46.4771291,
              -23.3953273
            ],
            [
              -46.4716661,
              -23.3926275
            ],
            [
              -46.4703511,
              -23.3825126
            ],
            [
              -46.4702172,
              -23.3830133
            ],
            [
              -46.4695029,
              -23.3822208
            ],
            [
              -46.4693494,
              -23.3820491
            ],
            [
              -46.4690851,
              -23.3817681
            ],
            [
              -46.4685917,
              -23.3812055
            ],
            [
              -46.4680311,
              -23.3814431
            ],
            [
              -46.4670781,
              -23.3812711
            ],
            [
              -46.4662501,
              -23.3809951
            ],
            [
              -46.4656311,
              -23.3807551
            ],
            [
              -46.4651971,
              -23.3806301
            ],
            [
              -46.4646501,
              -23.3805451
            ],
            [
              -46.4642991,
              -23.3803801
            ],
            [
              -46.4640311,
              -23.3801631
            ],
            [
              -46.4636761,
              -23.3797151
            ],
            [
              -46.4634761,
              -23.3793551
            ],
            [
              -46.4632071,
              -23.3790611
            ],
            [
              -46.4627841,
              -23.3787291
            ],
            [
              -46.4622432,
              -23.3784219
            ],
            [
              -46.4621436,
              -23.3783671
            ],
            [
              -46.4621041,
              -23.3783441
            ],
            [
              -46.4614761,
              -23.3780831
            ],
            [
              -46.4603961,
              -23.3777021
            ],
            [
              -46.4606079,
              -23.3774172
            ],
            [
              -46.4606581,
              -23.3773501
            ],
            [
              -46.4609771,
              -23.3769821
            ],
            [
              -46.4600403,
              -23.3760339
            ],
            [
              -46.4599365,
              -23.3759206
            ],
            [
              -46.4597821,
              -23.3757984
            ],
            [
              -46.4596894,
              -23.3757374
            ],
            [
              -46.4595871,
              -23.3756741
            ],
            [
              -46.4594542,
              -23.3755705
            ],
            [
              -46.4594395,
              -23.3755602
            ],
            [
              -46.4594013,
              -23.3755228
            ],
            [
              -46.4592351,
              -23.3752211
            ],
            [
              -46.4561756,
              -23.3746222
            ],
            [
              -46.4553155,
              -23.3944538
            ],
            [
              -46.4653682,
              -23.3995486
            ],
            [
              -46.4674202,
              -23.4000695
            ],
            [
              -46.4690953,
              -23.4004948
            ],
            [
              -46.4709984,
              -23.4005676
            ],
            [
              -46.4715339,
              -23.4004146
            ],
            [
              -46.4781827,
              -23.3985146
            ]
          ]
        ]
      }
    },
    {
      "type": "Feature",
      "properties": {
        "station_name": "LM Hub_SP_Jardim Adriana",
        "zone_id": "B-15",
        "zone_name": "B-15",
        "zone_type": 100,
        "zone_area": 3881443,
        "zone_remark": ""
      },
      "geometry": {
        "type": "Polygon",
        "coordinates": [
          [
            [
              -46.4356629,
              -23.3823935
            ],
            [
              -46.4360508,
              -23.3823461
            ],
            [
              -46.4363996,
              -23.3829635
            ],
            [
              -46.4375954,
              -23.3830551
            ],
            [
              -46.4386915,
              -23.3821861
            ],
            [
              -46.4384922,
              -23.3815685
            ],
            [
              -46.4390934,
              -23.3815685
            ],
            [
              -46.4401506,
              -23.3819111
            ],
            [
              -46.4408141,
              -23.3824821
            ],
            [
              -46.4419957,
              -23.3820062
            ],
            [
              -46.4434468,
              -23.3818731
            ],
            [
              -46.4435297,
              -23.3812451
            ],
            [
              -46.4446492,
              -23.3792467
            ],
            [
              -46.4479171,
              -23.3775414
            ],
            [
              -46.4477597,
              -23.3763311
            ],
            [
              -46.4478975,
              -23.3758432
            ],
            [
              -46.4484298,
              -23.3760982
            ],
            [
              -46.4484537,
              -23.3754179
            ],
            [
              -46.4506887,
              -23.3739586
            ],
            [
              -46.4525891,
              -23.3728174
            ],
            [
              -46.4547763,
              -23.3716581
            ],
            [
              -46.4547344,
              -23.3715595
            ],
            [
              -46.4529011,
              -23.3669217
            ],
            [
              -46.4494517,
              -23.3624012
            ],
            [
              -46.4350258,
              -23.3645641
            ],
            [
              -46.4266549,
              -23.3712019
            ],
            [
              -46.4290355,
              -23.3735002
            ],
            [
              -46.4303783,
              -23.3742129
            ],
            [
              -46.4330009,
              -23.3770889
            ],
            [
              -46.4342737,
              -23.3785997
            ],
            [
              -46.4352694,
              -23.3803914
            ],
            [
              -46.4356629,
              -23.3823935
            ]
          ]
        ]
      }
    },
    {
      "type": "Feature",
      "properties": {
        "station_name": "LM Hub_SP_Jardim Adriana",
        "zone_id": "B-17",
        "zone_name": "B-17",
        "zone_type": 100,
        "zone_area": 1026289,
        "zone_remark": ""
      },
      "geometry": {
        "type": "Polygon",
        "coordinates": [
          [
            [
              -46.4484738,
              -23.4016491
            ],
            [
              -46.4478691,
              -23.4036253
            ],
            [
              -46.4478059,
              -23.4055899
            ],
            [
              -46.4490481,
              -23.4079484
            ],
            [
              -46.4514124,
              -23.4094485
            ],
            [
              -46.4525851,
              -23.4118755
            ],
            [
              -46.4539837,
              -23.4138498
            ],
            [
              -46.4572517,
              -23.4129011
            ],
            [
              -46.4574911,
              -23.4125441
            ],
            [
              -46.4597108,
              -23.4092333
            ],
            [
              -46.4602817,
              -23.4077018
            ],
            [
              -46.4615991,
              -23.4074196
            ],
            [
              -46.4617679,
              -23.4071699
            ],
            [
              -46.4613997,
              -23.4066388
            ],
            [
              -46.4610451,
              -23.4058575
            ],
            [
              -46.4597682,
              -23.4061613
            ],
            [
              -46.4587752,
              -23.4057273
            ],
            [
              -46.4574511,
              -23.4055537
            ],
            [
              -46.4574984,
              -23.4050111
            ],
            [
              -46.4565053,
              -23.4048809
            ],
            [
              -46.4550631,
              -23.4053801
            ],
            [
              -46.4544482,
              -23.4051196
            ],
            [
              -46.4532187,
              -23.4044251
            ],
            [
              -46.4530532,
              -23.4027324
            ],
            [
              -46.4512625,
              -23.4018399
            ],
            [
              -46.4508471,
              -23.4013594
            ],
            [
              -46.4508708,
              -23.4003611
            ],
            [
              -46.4495467,
              -23.4007301
            ],
            [
              -46.4484738,
              -23.4016491
            ]
          ]
        ]
      }
    },
    {
      "type": "Feature",
      "properties": {
        "station_name": "LM Hub_SP_Jardim Adriana",
        "zone_id": "B-18",
        "zone_name": "B-18",
        "zone_type": 100,
        "zone_area": 1258992,
        "zone_remark": ""
      },
      "geometry": {
        "type": "Polygon",
        "coordinates": [
          [
            [
              -46.4721591,
              -23.4197054
            ],
            [
              -46.4725616,
              -23.4170954
            ],
            [
              -46.4716441,
              -23.4170438
            ],
            [
              -46.4724092,
              -23.4157858
            ],
            [
              -46.4720904,
              -23.4152884
            ],
            [
              -46.4713572,
              -23.4148203
            ],
            [
              -46.4701141,
              -23.4152884
            ],
            [
              -46.4673405,
              -23.4162539
            ],
            [
              -46.4660016,
              -23.4159613
            ],
            [
              -46.4647903,
              -23.4152592
            ],
            [
              -46.4644715,
              -23.4148203
            ],
            [
              -46.4626863,
              -23.4140011
            ],
            [
              -46.4602317,
              -23.4149081
            ],
            [
              -46.4598931,
              -23.4150614
            ],
            [
              -46.4588782,
              -23.4130899
            ],
            [
              -46.4584941,
              -23.4127983
            ],
            [
              -46.4574911,
              -23.4125441
            ],
            [
              -46.4572517,
              -23.4129011
            ],
            [
              -46.4539837,
              -23.4138498
            ],
            [
              -46.4549907,
              -23.4164211
            ],
            [
              -46.4544647,
              -23.4161466
            ],
            [
              -46.4544136,
              -23.4161439
            ],
            [
              -46.4539503,
              -23.4214276
            ],
            [
              -46.4566466,
              -23.4227864
            ],
            [
              -46.4613701,
              -23.4200413
            ],
            [
              -46.4636531,
              -23.4206914
            ],
            [
              -46.4714469,
              -23.4195356
            ],
            [
              -46.4721591,
              -23.4197054
            ]
          ]
        ]
      }
    },
    {
      "type": "Feature",
      "properties": {
        "station_name": "LM Hub_SP_Jardim Adriana",
        "zone_id": "B-19",
        "zone_name": "B-19",
        "zone_type": 100,
        "zone_area": 1153251,
        "zone_remark": ""
      },
      "geometry": {
        "type": "Polygon",
        "coordinates": [
          [
            [
              -46.4725616,
              -23.4170954
            ],
            [
              -46.4727166,
              -23.4171041
            ],
            [
              -46.4730035,
              -23.4124855
            ],
            [
              -46.4731865,
              -23.4095401
            ],
            [
              -46.4731061,
              -23.4094758
            ],
            [
              -46.4735323,
              -23.4086586
            ],
            [
              -46.4733101,
              -23.4078971
            ],
            [
              -46.4711467,
              -23.4081578
            ],
            [
              -46.4684219,
              -23.4082941
            ],
            [
              -46.4674102,
              -23.4079473
            ],
            [
              -46.4668302,
              -23.4083931
            ],
            [
              -46.4662502,
              -23.4084673
            ],
            [
              -46.4658861,
              -23.4083064
            ],
            [
              -46.4654139,
              -23.4083064
            ],
            [
              -46.4650766,
              -23.4085911
            ],
            [
              -46.4645911,
              -23.4087521
            ],
            [
              -46.4642538,
              -23.4086283
            ],
            [
              -46.4640245,
              -23.4081331
            ],
            [
              -46.4638896,
              -23.4079102
            ],
            [
              -46.4634175,
              -23.4079473
            ],
            [
              -46.4630816,
              -23.4078408
            ],
            [
              -46.4630292,
              -23.4077786
            ],
            [
              -46.4623366,
              -23.4072008
            ],
            [
              -46.4618682,
              -23.4070216
            ],
            [
              -46.4615991,
              -23.4074196
            ],
            [
              -46.4602817,
              -23.4077018
            ],
            [
              -46.4597108,
              -23.4092333
            ],
            [
              -46.4574911,
              -23.4125441
            ],
            [
              -46.4584941,
              -23.4127983
            ],
            [
              -46.4588782,
              -23.4130899
            ],
            [
              -46.4598931,
              -23.4150614
            ],
            [
              -46.4602317,
              -23.4149081
            ],
            [
              -46.4626863,
              -23.4140011
            ],
            [
              -46.4644715,
              -23.4148203
            ],
            [
              -46.4647903,
              -23.4152592
            ],
            [
              -46.4660016,
              -23.4159613
            ],
            [
              -46.4673405,
              -23.4162539
            ],
            [
              -46.4701141,
              -23.4152884
            ],
            [
              -46.4713572,
              -23.4148203
            ],
            [
              -46.4720904,
              -23.4152884
            ],
            [
              -46.4724092,
              -23.4157858
            ],
            [
              -46.4716441,
              -23.4170438
            ],
            [
              -46.4725616,
              -23.4170954
            ]
          ]
        ]
      }
    },
    {
      "type": "Feature",
      "properties": {
        "station_name": "LM Hub_SP_Jardim Adriana",
        "zone_id": "B-2",
        "zone_name": "B-2",
        "zone_type": 100,
        "zone_area": 4980284,
        "zone_remark": ""
      },
      "geometry": {
        "type": "Polygon",
        "coordinates": [
          [
            [
              -46.5660104,
              -23.4082687
            ],
            [
              -46.5685281,
              -23.4041553
            ],
            [
              -46.5706039,
              -23.3999278
            ],
            [
              -46.5708518,
              -23.3911692
            ],
            [
              -46.5704557,
              -23.3905148
            ],
            [
              -46.5692098,
              -23.3894121
            ],
            [
              -46.5692543,
              -23.3876152
            ],
            [
              -46.5683199,
              -23.3863492
            ],
            [
              -46.5668071,
              -23.3863492
            ],
            [
              -46.5654722,
              -23.3860633
            ],
            [
              -46.5645823,
              -23.3854915
            ],
            [
              -46.5645823,
              -23.3843481
            ],
            [
              -46.5646713,
              -23.3832045
            ],
            [
              -46.5641374,
              -23.3827144
            ],
            [
              -46.5633811,
              -23.3819384
            ],
            [
              -46.5629361,
              -23.3809582
            ],
            [
              -46.5645664,
              -23.3792891
            ],
            [
              -46.5641296,
              -23.3791696
            ],
            [
              -46.5638109,
              -23.3795875
            ],
            [
              -46.5623376,
              -23.3793943
            ],
            [
              -46.5552982,
              -23.3792367
            ],
            [
              -46.5500765,
              -23.3799823
            ],
            [
              -46.5485221,
              -23.3976635
            ],
            [
              -46.5491973,
              -23.3985313
            ],
            [
              -46.5514744,
              -23.4003034
            ],
            [
              -46.5547911,
              -23.4006214
            ],
            [
              -46.5564247,
              -23.4017574
            ],
            [
              -46.5612759,
              -23.4008032
            ],
            [
              -46.5646916,
              -23.4057103
            ],
            [
              -46.5660104,
              -23.4082687
            ]
          ]
        ]
      }
    },
    {
      "type": "Feature",
      "properties": {
        "station_name": "LM Hub_SP_Jardim Adriana",
        "zone_id": "B-20",
        "zone_name": "B-20",
        "zone_type": 100,
        "zone_area": 786842,
        "zone_remark": ""
      },
      "geometry": {
        "type": "Polygon",
        "coordinates": [
          [
            [
              -46.4733101,
              -23.4078971
            ],
            [
              -46.4732426,
              -23.4076661
            ],
            [
              -46.4728564,
              -23.4071521
            ],
            [
              -46.4732426,
              -23.4041032
            ],
            [
              -46.4734847,
              -23.4031671
            ],
            [
              -46.4735131,
              -23.4030574
            ],
            [
              -46.4730302,
              -23.4024016
            ],
            [
              -46.4715339,
              -23.4004146
            ],
            [
              -46.4709984,
              -23.4005676
            ],
            [
              -46.4690953,
              -23.4004948
            ],
            [
              -46.4674202,
              -23.4000695
            ],
            [
              -46.4672111,
              -23.4002855
            ],
            [
              -46.4665084,
              -23.4015753
            ],
            [
              -46.4655952,
              -23.4023814
            ],
            [
              -46.4648487,
              -23.4028248
            ],
            [
              -46.4637509,
              -23.4043161
            ],
            [
              -46.4628287,
              -23.4045983
            ],
            [
              -46.4623895,
              -23.4062508
            ],
            [
              -46.4618682,
              -23.4070216
            ],
            [
              -46.4623366,
              -23.4072008
            ],
            [
              -46.4630292,
              -23.4077786
            ],
            [
              -46.4630816,
              -23.4078408
            ],
            [
              -46.4634175,
              -23.4079473
            ],
            [
              -46.4638896,
              -23.4079102
            ],
            [
              -46.4640245,
              -23.4081331
            ],
            [
              -46.4642538,
              -23.4086283
            ],
            [
              -46.4645911,
              -23.4087521
            ],
            [
              -46.4650766,
              -23.4085911
            ],
            [
              -46.4654139,
              -23.4083064
            ],
            [
              -46.4658861,
              -23.4083064
            ],
            [
              -46.4662502,
              -23.4084673
            ],
            [
              -46.4668302,
              -23.4083931
            ],
            [
              -46.4674102,
              -23.4079473
            ],
            [
              -46.4684219,
              -23.4082941
            ],
            [
              -46.4711467,
              -23.4081578
            ],
            [
              -46.4733101,
              -23.4078971
            ]
          ]
        ]
      }
    },
    {
      "type": "Feature",
      "properties": {
        "station_name": "LM Hub_SP_Jardim Adriana",
        "zone_id": "B-21",
        "zone_name": "B-21",
        "zone_type": 100,
        "zone_area": 735916,
        "zone_remark": ""
      },
      "geometry": {
        "type": "Polygon",
        "coordinates": [
          [
            [
              -46.4868297,
              -23.4139775
            ],
            [
              -46.4868213,
              -23.4136197
            ],
            [
              -46.4852055,
              -23.4107318
            ],
            [
              -46.4830047,
              -23.4102341
            ],
            [
              -46.4825901,
              -23.4095316
            ],
            [
              -46.4812571,
              -23.4094304
            ],
            [
              -46.4801892,
              -23.4095727
            ],
            [
              -46.4787941,
              -23.4089403
            ],
            [
              -46.4780879,
              -23.4081973
            ],
            [
              -46.4777262,
              -23.4074701
            ],
            [
              -46.4776056,
              -23.4066006
            ],
            [
              -46.4770201,
              -23.4059208
            ],
            [
              -46.4763999,
              -23.4052726
            ],
            [
              -46.4753148,
              -23.4048932
            ],
            [
              -46.4742641,
              -23.4036127
            ],
            [
              -46.4734847,
              -23.4031671
            ],
            [
              -46.4732426,
              -23.4041032
            ],
            [
              -46.4728564,
              -23.4071521
            ],
            [
              -46.4732426,
              -23.4076661
            ],
            [
              -46.4733101,
              -23.4078971
            ],
            [
              -46.4735323,
              -23.4086586
            ],
            [
              -46.4731061,
              -23.4094758
            ],
            [
              -46.4731865,
              -23.4095401
            ],
            [
              -46.4730035,
              -23.4124855
            ],
            [
              -46.4762045,
              -23.4130991
            ],
            [
              -46.4787082,
              -23.4126204
            ],
            [
              -46.4816032,
              -23.4132188
            ],
            [
              -46.4844046,
              -23.4128152
            ],
            [
              -46.4846569,
              -23.4131898
            ],
            [
              -46.4868297,
              -23.4139775
            ]
          ]
        ]
      }
    },
    {
      "type": "Feature",
      "properties": {
        "station_name": "LM Hub_SP_Jardim Adriana",
        "zone_id": "B-22",
        "zone_name": "B-22",
        "zone_type": 100,
        "zone_area": 1114505,
        "zone_remark": ""
      },
      "geometry": {
        "type": "Polygon",
        "coordinates": [
          [
            [
              -46.4868213,
              -23.4136197
            ],
            [
              -46.4870235,
              -23.4139811
            ],
            [
              -46.4884388,
              -23.4144979
            ],
            [
              -46.4883012,
              -23.4142016
            ],
            [
              -46.4887728,
              -23.4120442
            ],
            [
              -46.4887554,
              -23.4108306
            ],
            [
              -46.4890686,
              -23.4095053
            ],
            [
              -46.4890686,
              -23.4080949
            ],
            [
              -46.4884422,
              -23.4076797
            ],
            [
              -46.4886336,
              -23.4069132
            ],
            [
              -46.4889075,
              -23.4056233
            ],
            [
              -46.4879747,
              -23.4057362
            ],
            [
              -46.4875027,
              -23.4055862
            ],
            [
              -46.4869581,
              -23.4056362
            ],
            [
              -46.4865224,
              -23.4061027
            ],
            [
              -46.4857237,
              -23.4063027
            ],
            [
              -46.4843803,
              -23.4059528
            ],
            [
              -46.4842328,
              -23.4056877
            ],
            [
              -46.4828622,
              -23.4055711
            ],
            [
              -46.4825536,
              -23.4054378
            ],
            [
              -46.4820181,
              -23.4049629
            ],
            [
              -46.4814826,
              -23.4046131
            ],
            [
              -46.4811649,
              -23.4043714
            ],
            [
              -46.4809924,
              -23.4040215
            ],
            [
              -46.4809289,
              -23.4033801
            ],
            [
              -46.4805386,
              -23.4030635
            ],
            [
              -46.4800303,
              -23.4027469
            ],
            [
              -46.4798306,
              -23.4018054
            ],
            [
              -46.4793846,
              -23.4021505
            ],
            [
              -46.4781827,
              -23.3985146
            ],
            [
              -46.4715339,
              -23.4004146
            ],
            [
              -46.4730302,
              -23.4024016
            ],
            [
              -46.4735131,
              -23.4030574
            ],
            [
              -46.4734847,
              -23.4031671
            ],
            [
              -46.4742641,
              -23.4036127
            ],
            [
              -46.4753148,
              -23.4048932
            ],
            [
              -46.4763999,
              -23.4052726
            ],
            [
              -46.4770201,
              -23.4059208
            ],
            [
              -46.4776056,
              -23.4066006
            ],
            [
              -46.4777262,
              -23.4074701
            ],
            [
              -46.4780879,
              -23.4081973
            ],
            [
              -46.4787941,
              -23.4089403
            ],
            [
              -46.4801892,
              -23.4095727
            ],
            [
              -46.4812571,
              -23.4094304
            ],
            [
              -46.4825901,
              -23.4095316
            ],
            [
              -46.4830047,
              -23.4102341
            ],
            [
              -46.4852055,
              -23.4107318
            ],
            [
              -46.4868213,
              -23.4136197
            ]
          ]
        ]
      }
    },
    {
      "type": "Feature",
      "properties": {
        "station_name": "LM Hub_SP_Jardim Adriana",
        "zone_id": "B-23",
        "zone_name": "B-23",
        "zone_type": 100,
        "zone_area": 1360944,
        "zone_remark": ""
      },
      "geometry": {
        "type": "Polygon",
        "coordinates": [
          [
            [
              -46.4862665,
              -23.4203639
            ],
            [
              -46.4869018,
              -23.4183989
            ],
            [
              -46.4873745,
              -23.4172762
            ],
            [
              -46.4873189,
              -23.4164922
            ],
            [
              -46.4877637,
              -23.4152929
            ],
            [
              -46.4879149,
              -23.4144859
            ],
            [
              -46.4876849,
              -23.4142876
            ],
            [
              -46.4868297,
              -23.4139775
            ],
            [
              -46.4846569,
              -23.4131898
            ],
            [
              -46.4844046,
              -23.4128152
            ],
            [
              -46.4816032,
              -23.4132188
            ],
            [
              -46.4787082,
              -23.4126204
            ],
            [
              -46.4762045,
              -23.4130991
            ],
            [
              -46.4730035,
              -23.4124855
            ],
            [
              -46.4727166,
              -23.4171041
            ],
            [
              -46.4725616,
              -23.4170954
            ],
            [
              -46.4721591,
              -23.4197054
            ],
            [
              -46.4852822,
              -23.4228351
            ],
            [
              -46.4860183,
              -23.4203125
            ],
            [
              -46.4862665,
              -23.4203639
            ]
          ]
        ]
      }
    },
    {
      "type": "Feature",
      "properties": {
        "station_name": "LM Hub_SP_Jardim Adriana",
        "zone_id": "B-24",
        "zone_name": "B-24",
        "zone_type": 100,
        "zone_area": 692528,
        "zone_remark": ""
      },
      "geometry": {
        "type": "Polygon",
        "coordinates": [
          [
            [
              -46.4868213,
              -23.4136197
            ],
            [
              -46.4868297,
              -23.4139775
            ],
            [
              -46.4876849,
              -23.4142876
            ],
            [
              -46.4879149,
              -23.4144859
            ],
            [
              -46.4877637,
              -23.4152929
            ],
            [
              -46.4873189,
              -23.4164922
            ],
            [
              -46.4873745,
              -23.4172762
            ],
            [
              -46.4869018,
              -23.4183989
            ],
            [
              -46.4862665,
              -23.4203639
            ],
            [
              -46.4876622,
              -23.4206532
            ],
            [
              -46.4882127,
              -23.4207673
            ],
            [
              -46.4886251,
              -23.4198102
            ],
            [
              -46.4892089,
              -23.4182279
            ],
            [
              -46.4898609,
              -23.4170842
            ],
            [
              -46.4904366,
              -23.4159395
            ],
            [
              -46.4897074,
              -23.4154112
            ],
            [
              -46.4897394,
              -23.4149904
            ],
            [
              -46.4897422,
              -23.4149902
            ],
            [
              -46.4903692,
              -23.4146171
            ],
            [
              -46.4907759,
              -23.4137927
            ],
            [
              -46.4910979,
              -23.4130461
            ],
            [
              -46.4911964,
              -23.4130247
            ],
            [
              -46.4912132,
              -23.4123561
            ],
            [
              -46.4915322,
              -23.4116681
            ],
            [
              -46.4925689,
              -23.4111556
            ],
            [
              -46.4927976,
              -23.4109995
            ],
            [
              -46.4927497,
              -23.4104725
            ],
            [
              -46.4934356,
              -23.4093251
            ],
            [
              -46.4938662,
              -23.4087542
            ],
            [
              -46.4943926,
              -23.4086224
            ],
            [
              -46.4950625,
              -23.4085199
            ],
            [
              -46.4954332,
              -23.4082529
            ],
            [
              -46.4957363,
              -23.4073306
            ],
            [
              -46.4959915,
              -23.4070378
            ],
            [
              -46.4961351,
              -23.4065693
            ],
            [
              -46.4965019,
              -23.4064815
            ],
            [
              -46.4967142,
              -23.4063041
            ],
            [
              -46.4968778,
              -23.4062328
            ],
            [
              -46.4970243,
              -23.4059957
            ],
            [
              -46.4974291,
              -23.4057269
            ],
            [
              -46.4976528,
              -23.4050144
            ],
            [
              -46.4974507,
              -23.4049031
            ],
            [
              -46.4970513,
              -23.4049364
            ],
            [
              -46.4963434,
              -23.4047698
            ],
            [
              -46.4959258,
              -23.4051363
            ],
            [
              -46.4950908,
              -23.4052696
            ],
            [
              -46.4946006,
              -23.4050031
            ],
            [
              -46.4941651,
              -23.4053863
            ],
            [
              -46.4937293,
              -23.4053031
            ],
            [
              -46.4937111,
              -23.4044865
            ],
            [
              -46.4927671,
              -23.4042366
            ],
            [
              -46.4922589,
              -23.4043699
            ],
            [
              -46.4915872,
              -23.4047531
            ],
            [
              -46.4912967,
              -23.4052196
            ],
            [
              -46.4903164,
              -23.4054529
            ],
            [
              -46.4901479,
              -23.4054733
            ],
            [
              -46.4889075,
              -23.4056233
            ],
            [
              -46.4886336,
              -23.4069132
            ],
            [
              -46.4884422,
              -23.4076797
            ],
            [
              -46.4890686,
              -23.4080949
            ],
            [
              -46.4890686,
              -23.4095053
            ],
            [
              -46.4887554,
              -23.4108306
            ],
            [
              -46.4887728,
              -23.4120442
            ],
            [
              -46.4883012,
              -23.4142016
            ],
            [
              -46.4884388,
              -23.4144979
            ],
            [
              -46.4870235,
              -23.4139811
            ],
            [
              -46.4868213,
              -23.4136197
            ]
          ]
        ]
      }
    },
    {
      "type": "Feature",
      "properties": {
        "station_name": "LM Hub_SP_Jardim Adriana",
        "zone_id": "B-25",
        "zone_name": "B-25",
        "zone_type": 100,
        "zone_area": 784123,
        "zone_remark": ""
      },
      "geometry": {
        "type": "Polygon",
        "coordinates": [
          [
            [
              -46.4889075,
              -23.4056233
            ],
            [
              -46.4901479,
              -23.4054733
            ],
            [
              -46.4901479,
              -23.4052549
            ],
            [
              -46.4902029,
              -23.4048406
            ],
            [
              -46.4903185,
              -23.4045072
            ],
            [
              -46.4904065,
              -23.4043556
            ],
            [
              -46.4902469,
              -23.4042495
            ],
            [
              -46.4899937,
              -23.4039514
            ],
            [
              -46.4897021,
              -23.4036281
            ],
            [
              -46.4894598,
              -23.4034361
            ],
            [
              -46.4892177,
              -23.4031583
            ],
            [
              -46.4889065,
              -23.4028439
            ],
            [
              -46.4882924,
              -23.4020191
            ],
            [
              -46.4869891,
              -23.4014827
            ],
            [
              -46.4872138,
              -23.4013041
            ],
            [
              -46.4875284,
              -23.4012765
            ],
            [
              -46.4881575,
              -23.4011527
            ],
            [
              -46.4889515,
              -23.4010015
            ],
            [
              -46.4891612,
              -23.4004241
            ],
            [
              -46.4886818,
              -23.3997503
            ],
            [
              -46.4885608,
              -23.3990173
            ],
            [
              -46.4857577,
              -23.3987811
            ],
            [
              -46.4826987,
              -23.3975898
            ],
            [
              -46.4788981,
              -23.3980152
            ],
            [
              -46.4781426,
              -23.3983934
            ],
            [
              -46.4781827,
              -23.3985146
            ],
            [
              -46.4793846,
              -23.4021505
            ],
            [
              -46.4798306,
              -23.4018054
            ],
            [
              -46.4800303,
              -23.4027469
            ],
            [
              -46.4805386,
              -23.4030635
            ],
            [
              -46.4809289,
              -23.4033801
            ],
            [
              -46.4809924,
              -23.4040215
            ],
            [
              -46.4811649,
              -23.4043714
            ],
            [
              -46.4814826,
              -23.4046131
            ],
            [
              -46.4820181,
              -23.4049629
            ],
            [
              -46.4825536,
              -23.4054378
            ],
            [
              -46.4828622,
              -23.4055711
            ],
            [
              -46.4842328,
              -23.4056877
            ],
            [
              -46.4843803,
              -23.4059528
            ],
            [
              -46.4857237,
              -23.4063027
            ],
            [
              -46.4865224,
              -23.4061027
            ],
            [
              -46.4869581,
              -23.4056362
            ],
            [
              -46.4875027,
              -23.4055862
            ],
            [
              -46.4879747,
              -23.4057362
            ],
            [
              -46.4889075,
              -23.4056233
            ]
          ]
        ]
      }
    },
    {
      "type": "Feature",
      "properties": {
        "station_name": "LM Hub_SP_Jardim Adriana",
        "zone_id": "B-26",
        "zone_name": "B-26",
        "zone_type": 100,
        "zone_area": 728516,
        "zone_remark": ""
      },
      "geometry": {
        "type": "Polygon",
        "coordinates": [
          [
            [
              -46.4901479,
              -23.4054733
            ],
            [
              -46.4903164,
              -23.4054529
            ],
            [
              -46.4912967,
              -23.4052196
            ],
            [
              -46.4915872,
              -23.4047531
            ],
            [
              -46.4922589,
              -23.4043699
            ],
            [
              -46.4927671,
              -23.4042366
            ],
            [
              -46.4937111,
              -23.4044865
            ],
            [
              -46.4937293,
              -23.4053031
            ],
            [
              -46.4941651,
              -23.4053863
            ],
            [
              -46.4946006,
              -23.4050031
            ],
            [
              -46.4950908,
              -23.4052696
            ],
            [
              -46.4959258,
              -23.4051363
            ],
            [
              -46.4963434,
              -23.4047698
            ],
            [
              -46.4970513,
              -23.4049364
            ],
            [
              -46.4974507,
              -23.4049031
            ],
            [
              -46.4976528,
              -23.4050144
            ],
            [
              -46.4978138,
              -23.4051031
            ],
            [
              -46.4979227,
              -23.4056695
            ],
            [
              -46.4980316,
              -23.4060527
            ],
            [
              -46.4987566,
              -23.4064474
            ],
            [
              -46.4987901,
              -23.4063614
            ],
            [
              -46.4985095,
              -23.4059761
            ],
            [
              -46.4983981,
              -23.4049827
            ],
            [
              -46.4986757,
              -23.4042562
            ],
            [
              -46.4985961,
              -23.4038325
            ],
            [
              -46.4986916,
              -23.4035257
            ],
            [
              -46.5003877,
              -23.3997535
            ],
            [
              -46.5000712,
              -23.3996131
            ],
            [
              -46.4988021,
              -23.3989709
            ],
            [
              -46.4983131,
              -23.3989361
            ],
            [
              -46.4982684,
              -23.3987969
            ],
            [
              -46.4969276,
              -23.3985257
            ],
            [
              -46.4958616,
              -23.3984832
            ],
            [
              -46.4902998,
              -23.3991639
            ],
            [
              -46.4885608,
              -23.3990173
            ],
            [
              -46.4886818,
              -23.3997503
            ],
            [
              -46.4891612,
              -23.4004241
            ],
            [
              -46.4889515,
              -23.4010015
            ],
            [
              -46.4881575,
              -23.4011527
            ],
            [
              -46.4875284,
              -23.4012765
            ],
            [
              -46.4872138,
              -23.4013041
            ],
            [
              -46.4869891,
              -23.4014827
            ],
            [
              -46.4882924,
              -23.4020191
            ],
            [
              -46.4889065,
              -23.4028439
            ],
            [
              -46.4892177,
              -23.4031583
            ],
            [
              -46.4894598,
              -23.4034361
            ],
            [
              -46.4897021,
              -23.4036281
            ],
            [
              -46.4899937,
              -23.4039514
            ],
            [
              -46.4902469,
              -23.4042495
            ],
            [
              -46.4904065,
              -23.4043556
            ],
            [
              -46.4903185,
              -23.4045072
            ],
            [
              -46.4902029,
              -23.4048406
            ],
            [
              -46.4901479,
              -23.4052549
            ],
            [
              -46.4901479,
              -23.4054733
            ]
          ]
        ]
      }
    },
    {
      "type": "Feature",
      "properties": {
        "station_name": "LM Hub_SP_Jardim Adriana",
        "zone_id": "B-27",
        "zone_name": "B-27",
        "zone_type": 100,
        "zone_area": 1175809,
        "zone_remark": ""
      },
      "geometry": {
        "type": "Polygon",
        "coordinates": [
          [
            [
              -46.5094709,
              -23.4088208
            ],
            [
              -46.5096458,
              -23.4087664
            ],
            [
              -46.5088236,
              -23.4081029
            ],
            [
              -46.5087182,
              -23.4080179
            ],
            [
              -46.5075714,
              -23.4070924
            ],
            [
              -46.5071474,
              -23.4063439
            ],
            [
              -46.5069476,
              -23.4063185
            ],
            [
              -46.5058209,
              -23.4049185
            ],
            [
              -46.5051705,
              -23.4033834
            ],
            [
              -46.5043351,
              -23.4025385
            ],
            [
              -46.5035598,
              -23.4014909
            ],
            [
              -46.5022246,
              -23.4007596
            ],
            [
              -46.5013633,
              -23.4001864
            ],
            [
              -46.5003877,
              -23.3997535
            ],
            [
              -46.4986916,
              -23.4035257
            ],
            [
              -46.4985961,
              -23.4038325
            ],
            [
              -46.4986757,
              -23.4042562
            ],
            [
              -46.4983981,
              -23.4049827
            ],
            [
              -46.4985095,
              -23.4059761
            ],
            [
              -46.4987901,
              -23.4063614
            ],
            [
              -46.4987566,
              -23.4064474
            ],
            [
              -46.4984717,
              -23.4071795
            ],
            [
              -46.4988537,
              -23.4080561
            ],
            [
              -46.4989252,
              -23.4100604
            ],
            [
              -46.4986107,
              -23.4108174
            ],
            [
              -46.4988215,
              -23.4108665
            ],
            [
              -46.4994221,
              -23.4112622
            ],
            [
              -46.5021788,
              -23.4122234
            ],
            [
              -46.5025792,
              -23.4122658
            ],
            [
              -46.5028411,
              -23.4124919
            ],
            [
              -46.5031313,
              -23.4128877
            ],
            [
              -46.5033007,
              -23.4134248
            ],
            [
              -46.5040495,
              -23.4139551
            ],
            [
              -46.5045485,
              -23.4141536
            ],
            [
              -46.5051391,
              -23.4139857
            ],
            [
              -46.5055049,
              -23.4138331
            ],
            [
              -46.5065279,
              -23.4141383
            ],
            [
              -46.5076591,
              -23.4143978
            ],
            [
              -46.5084008,
              -23.4145567
            ],
            [
              -46.5093564,
              -23.4131641
            ],
            [
              -46.5094679,
              -23.4120389
            ],
            [
              -46.5090221,
              -23.4112206
            ],
            [
              -46.5093193,
              -23.4088679
            ],
            [
              -46.5094709,
              -23.4088208
            ]
          ]
        ]
      }
    },
    {
      "type": "Feature",
      "properties": {
        "station_name": "LM Hub_SP_Jardim Adriana",
        "zone_id": "B-28",
        "zone_name": "B-28",
        "zone_type": 100,
        "zone_area": 514499,
        "zone_remark": ""
      },
      "geometry": {
        "type": "Polygon",
        "coordinates": [
          [
            [
              -46.4976528,
              -23.4050144
            ],
            [
              -46.4974291,
              -23.4057269
            ],
            [
              -46.4970243,
              -23.4059957
            ],
            [
              -46.4968778,
              -23.4062328
            ],
            [
              -46.4967142,
              -23.4063041
            ],
            [
              -46.4965019,
              -23.4064815
            ],
            [
              -46.4961351,
              -23.4065693
            ],
            [
              -46.4959915,
              -23.4070378
            ],
            [
              -46.4957363,
              -23.4073306
            ],
            [
              -46.4954332,
              -23.4082529
            ],
            [
              -46.4950625,
              -23.4085199
            ],
            [
              -46.4943926,
              -23.4086224
            ],
            [
              -46.4938662,
              -23.4087542
            ],
            [
              -46.4934356,
              -23.4093251
            ],
            [
              -46.4927497,
              -23.4104725
            ],
            [
              -46.4927976,
              -23.4109995
            ],
            [
              -46.4925689,
              -23.4111556
            ],
            [
              -46.4915322,
              -23.4116681
            ],
            [
              -46.4912132,
              -23.4123561
            ],
            [
              -46.4911964,
              -23.4130247
            ],
            [
              -46.4920299,
              -23.4128439
            ],
            [
              -46.4923688,
              -23.4133105
            ],
            [
              -46.4932089,
              -23.4138793
            ],
            [
              -46.4946493,
              -23.4144081
            ],
            [
              -46.4951238,
              -23.4147191
            ],
            [
              -46.4954458,
              -23.4155591
            ],
            [
              -46.4958186,
              -23.4161344
            ],
            [
              -46.4964795,
              -23.4163988
            ],
            [
              -46.4977894,
              -23.4163394
            ],
            [
              -46.4971985,
              -23.4145573
            ],
            [
              -46.4982585,
              -23.4131402
            ],
            [
              -46.4984198,
              -23.4120647
            ],
            [
              -46.4983737,
              -23.4113879
            ],
            [
              -46.4986107,
              -23.4108174
            ],
            [
              -46.4989252,
              -23.4100604
            ],
            [
              -46.4988537,
              -23.4080561
            ],
            [
              -46.4984717,
              -23.4071795
            ],
            [
              -46.4987566,
              -23.4064474
            ],
            [
              -46.4980316,
              -23.4060527
            ],
            [
              -46.4979227,
              -23.4056695
            ],
            [
              -46.4978138,
              -23.4051031
            ],
            [
              -46.4976528,
              -23.4050144
            ]
          ]
        ]
      }
    },
    {
      "type": "Feature",
      "properties": {
        "station_name": "LM Hub_SP_Jardim Adriana",
        "zone_id": "B-29",
        "zone_name": "B-29",
        "zone_type": 100,
        "zone_area": 616901,
        "zone_remark": ""
      },
      "geometry": {
        "type": "Polygon",
        "coordinates": [
          [
            [
              -46.4911964,
              -23.4130247
            ],
            [
              -46.4910979,
              -23.4130461
            ],
            [
              -46.4907759,
              -23.4137927
            ],
            [
              -46.4903692,
              -23.4146171
            ],
            [
              -46.4897422,
              -23.4149902
            ],
            [
              -46.4897394,
              -23.4149904
            ],
            [
              -46.4897074,
              -23.4154112
            ],
            [
              -46.4904366,
              -23.4159395
            ],
            [
              -46.4898609,
              -23.4170842
            ],
            [
              -46.4892089,
              -23.4182279
            ],
            [
              -46.4886251,
              -23.4198102
            ],
            [
              -46.4882127,
              -23.4207673
            ],
            [
              -46.4885262,
              -23.4208323
            ],
            [
              -46.4912151,
              -23.4228201
            ],
            [
              -46.4922819,
              -23.4221481
            ],
            [
              -46.4942424,
              -23.4205541
            ],
            [
              -46.4941082,
              -23.4203693
            ],
            [
              -46.4941157,
              -23.4202325
            ],
            [
              -46.4952487,
              -23.4200888
            ],
            [
              -46.4964191,
              -23.4191652
            ],
            [
              -46.4965011,
              -23.4192679
            ],
            [
              -46.4972316,
              -23.4188095
            ],
            [
              -46.4989014,
              -23.4178256
            ],
            [
              -46.4988086,
              -23.4177016
            ],
            [
              -46.4978521,
              -23.4163366
            ],
            [
              -46.4977894,
              -23.4163394
            ],
            [
              -46.4964795,
              -23.4163988
            ],
            [
              -46.4958186,
              -23.4161344
            ],
            [
              -46.4954458,
              -23.4155591
            ],
            [
              -46.4951238,
              -23.4147191
            ],
            [
              -46.4946493,
              -23.4144081
            ],
            [
              -46.4932089,
              -23.4138793
            ],
            [
              -46.4923688,
              -23.4133105
            ],
            [
              -46.4920299,
              -23.4128439
            ],
            [
              -46.4911964,
              -23.4130247
            ]
          ]
        ]
      }
    },
    {
      "type": "Feature",
      "properties": {
        "station_name": "LM Hub_SP_Jardim Adriana",
        "zone_id": "B-3",
        "zone_name": "B-3",
        "zone_type": 100,
        "zone_area": 2824236,
        "zone_remark": ""
      },
      "geometry": {
        "type": "Polygon",
        "coordinates": [
          [
            [
              -46.5599706,
              -23.4198813
            ],
            [
              -46.5631439,
              -23.4125503
            ],
            [
              -46.5652846,
              -23.4094544
            ],
            [
              -46.5660104,
              -23.4082687
            ],
            [
              -46.5646916,
              -23.4057103
            ],
            [
              -46.5612759,
              -23.4008032
            ],
            [
              -46.5564247,
              -23.4017574
            ],
            [
              -46.5547911,
              -23.4006214
            ],
            [
              -46.5514744,
              -23.4003034
            ],
            [
              -46.5491973,
              -23.3985313
            ],
            [
              -46.5485221,
              -23.3976635
            ],
            [
              -46.5473732,
              -23.4107297
            ],
            [
              -46.5441872,
              -23.4136146
            ],
            [
              -46.5417004,
              -23.4158664
            ],
            [
              -46.5440539,
              -23.4137354
            ],
            [
              -46.5451885,
              -23.4141866
            ],
            [
              -46.5473092,
              -23.4142918
            ],
            [
              -46.5510921,
              -23.4138183
            ],
            [
              -46.5545883,
              -23.4145022
            ],
            [
              -46.5561932,
              -23.4158173
            ],
            [
              -46.5586005,
              -23.4180266
            ],
            [
              -46.5599706,
              -23.4198813
            ]
          ]
        ]
      }
    },
    {
      "type": "Feature",
      "properties": {
        "station_name": "LM Hub_SP_Jardim Adriana",
        "zone_id": "B-30",
        "zone_name": "B-30",
        "zone_type": 100,
        "zone_area": 447040,
        "zone_remark": ""
      },
      "geometry": {
        "type": "Polygon",
        "coordinates": [
          [
            [
              -46.4989014,
              -23.4178256
            ],
            [
              -46.4972316,
              -23.4188095
            ],
            [
              -46.4965011,
              -23.4192679
            ],
            [
              -46.4964191,
              -23.4191652
            ],
            [
              -46.4952487,
              -23.4200888
            ],
            [
              -46.4941157,
              -23.4202325
            ],
            [
              -46.4941082,
              -23.4203693
            ],
            [
              -46.4942424,
              -23.4205541
            ],
            [
              -46.4922819,
              -23.4221481
            ],
            [
              -46.4912151,
              -23.4228201
            ],
            [
              -46.4937727,
              -23.4247109
            ],
            [
              -46.4963499,
              -23.4260338
            ],
            [
              -46.4979126,
              -23.4245224
            ],
            [
              -46.4986363,
              -23.4234327
            ],
            [
              -46.5003671,
              -23.4209563
            ],
            [
              -46.5011716,
              -23.4203576
            ],
            [
              -46.5012063,
              -23.4202056
            ],
            [
              -46.5005879,
              -23.4197856
            ],
            [
              -46.4999609,
              -23.4193968
            ],
            [
              -46.4995881,
              -23.4187436
            ],
            [
              -46.4989014,
              -23.4178256
            ]
          ]
        ]
      }
    },
    {
      "type": "Feature",
      "properties": {
        "station_name": "LM Hub_SP_Jardim Adriana",
        "zone_id": "B-31",
        "zone_name": "B-31",
        "zone_type": 100,
        "zone_area": 771940,
        "zone_remark": ""
      },
      "geometry": {
        "type": "Polygon",
        "coordinates": [
          [
            [
              -46.5084008,
              -23.4145567
            ],
            [
              -46.5076591,
              -23.4143978
            ],
            [
              -46.5065279,
              -23.4141383
            ],
            [
              -46.5055049,
              -23.4138331
            ],
            [
              -46.5051391,
              -23.4139857
            ],
            [
              -46.5045485,
              -23.4141536
            ],
            [
              -46.5040495,
              -23.4139551
            ],
            [
              -46.5033007,
              -23.4134248
            ],
            [
              -46.5031313,
              -23.4128877
            ],
            [
              -46.5028411,
              -23.4124919
            ],
            [
              -46.5025792,
              -23.4122658
            ],
            [
              -46.5021788,
              -23.4122234
            ],
            [
              -46.4994221,
              -23.4112622
            ],
            [
              -46.4988215,
              -23.4108665
            ],
            [
              -46.4986107,
              -23.4108174
            ],
            [
              -46.4983737,
              -23.4113879
            ],
            [
              -46.4984198,
              -23.4120647
            ],
            [
              -46.4982585,
              -23.4131402
            ],
            [
              -46.4971985,
              -23.4145573
            ],
            [
              -46.4977894,
              -23.4163394
            ],
            [
              -46.4978521,
              -23.4163366
            ],
            [
              -46.4988086,
              -23.4177016
            ],
            [
              -46.4989014,
              -23.4178256
            ],
            [
              -46.4995881,
              -23.4187436
            ],
            [
              -46.4999609,
              -23.4193968
            ],
            [
              -46.5005879,
              -23.4197856
            ],
            [
              -46.5012063,
              -23.4202056
            ],
            [
              -46.5014352,
              -23.4203611
            ],
            [
              -46.5016894,
              -23.4209676
            ],
            [
              -46.5022148,
              -23.4204077
            ],
            [
              -46.5025368,
              -23.4203144
            ],
            [
              -46.5039941,
              -23.4208898
            ],
            [
              -46.5046889,
              -23.4212786
            ],
            [
              -46.5056041,
              -23.4213875
            ],
            [
              -46.5060346,
              -23.4214665
            ],
            [
              -46.5062354,
              -23.4196421
            ],
            [
              -46.5068299,
              -23.4184828
            ],
            [
              -46.5072386,
              -23.4171872
            ],
            [
              -46.5074615,
              -23.4159257
            ],
            [
              -46.5084008,
              -23.4145567
            ]
          ]
        ]
      }
    },
    {
      "type": "Feature",
      "properties": {
        "station_name": "LM Hub_SP_Jardim Adriana",
        "zone_id": "B-32",
        "zone_name": "B-32",
        "zone_type": 100,
        "zone_area": 601750,
        "zone_remark": ""
      },
      "geometry": {
        "type": "Polygon",
        "coordinates": [
          [
            [
              -46.5060346,
              -23.4214665
            ],
            [
              -46.5056041,
              -23.4213875
            ],
            [
              -46.5046889,
              -23.4212786
            ],
            [
              -46.5039941,
              -23.4208898
            ],
            [
              -46.5025368,
              -23.4203144
            ],
            [
              -46.5022148,
              -23.4204077
            ],
            [
              -46.5016894,
              -23.4209676
            ],
            [
              -46.5014352,
              -23.4203611
            ],
            [
              -46.5012063,
              -23.4202056
            ],
            [
              -46.5011716,
              -23.4203576
            ],
            [
              -46.5003671,
              -23.4209563
            ],
            [
              -46.4986363,
              -23.4234327
            ],
            [
              -46.4979126,
              -23.4245224
            ],
            [
              -46.4963499,
              -23.4260338
            ],
            [
              -46.4966389,
              -23.4261821
            ],
            [
              -46.4979991,
              -23.4279654
            ],
            [
              -46.5008167,
              -23.4296148
            ],
            [
              -46.5023492,
              -23.4301017
            ],
            [
              -46.5023371,
              -23.4299464
            ],
            [
              -46.5026951,
              -23.4284278
            ],
            [
              -46.5039026,
              -23.4258012
            ],
            [
              -46.5056356,
              -23.4240027
            ],
            [
              -46.5058401,
              -23.4222515
            ],
            [
              -46.5059441,
              -23.4222884
            ],
            [
              -46.5060346,
              -23.4214665
            ]
          ]
        ]
      }
    },
    {
      "type": "Feature",
      "properties": {
        "station_name": "LM Hub_SP_Jardim Adriana",
        "zone_id": "B-4",
        "zone_name": "B-4",
        "zone_type": 100,
        "zone_area": 4294042,
        "zone_remark": ""
      },
      "geometry": {
        "type": "Polygon",
        "coordinates": [
          [
            [
              -46.5350353,
              -23.3787911
            ],
            [
              -46.5348917,
              -23.3866356
            ],
            [
              -46.5348293,
              -23.3900443
            ],
            [
              -46.5338171,
              -23.3971746
            ],
            [
              -46.5336011,
              -23.3984214
            ],
            [
              -46.5332305,
              -23.3994982
            ],
            [
              -46.5330144,
              -23.4010566
            ],
            [
              -46.5330762,
              -23.4033234
            ],
            [
              -46.5331592,
              -23.4041829
            ],
            [
              -46.5336963,
              -23.4045889
            ],
            [
              -46.5346348,
              -23.4046115
            ],
            [
              -46.5354501,
              -23.4039315
            ],
            [
              -46.5361415,
              -23.4039088
            ],
            [
              -46.5365121,
              -23.4039315
            ],
            [
              -46.5371047,
              -23.4049742
            ],
            [
              -46.5376727,
              -23.4048836
            ],
            [
              -46.5393027,
              -23.4044075
            ],
            [
              -46.5402906,
              -23.4040448
            ],
            [
              -46.5409574,
              -23.4049742
            ],
            [
              -46.5428181,
              -23.4059706
            ],
            [
              -46.5433081,
              -23.4063037
            ],
            [
              -46.5442518,
              -23.4063204
            ],
            [
              -46.5447418,
              -23.4064869
            ],
            [
              -46.5452137,
              -23.4067035
            ],
            [
              -46.5454677,
              -23.4070533
            ],
            [
              -46.5460485,
              -23.4073198
            ],
            [
              -46.5469559,
              -23.4075031
            ],
            [
              -46.5473915,
              -23.4074031
            ],
            [
              -46.5476729,
              -23.4073207
            ],
            [
              -46.5473732,
              -23.4107297
            ],
            [
              -46.5485221,
              -23.3976635
            ],
            [
              -46.5500765,
              -23.3799823
            ],
            [
              -46.5475721,
              -23.3803399
            ],
            [
              -46.5362402,
              -23.3792367
            ],
            [
              -46.5350353,
              -23.3787911
            ]
          ]
        ]
      }
    },
    {
      "type": "Feature",
      "properties": {
        "station_name": "LM Hub_SP_Jardim Adriana",
        "zone_id": "B-5",
        "zone_name": "B-5",
        "zone_type": 100,
        "zone_area": 1246490,
        "zone_remark": ""
      },
      "geometry": {
        "type": "Polygon",
        "coordinates": [
          [
            [
              -46.5294482,
              -23.4112007
            ],
            [
              -46.5295053,
              -23.4113189
            ],
            [
              -46.5323146,
              -23.4113475
            ],
            [
              -46.5382223,
              -23.4111856
            ],
            [
              -46.5404267,
              -23.4119679
            ],
            [
              -46.5424548,
              -23.4130201
            ],
            [
              -46.5441872,
              -23.4136146
            ],
            [
              -46.5473732,
              -23.4107297
            ],
            [
              -46.5476729,
              -23.4073207
            ],
            [
              -46.5473915,
              -23.4074031
            ],
            [
              -46.5469559,
              -23.4075031
            ],
            [
              -46.5460485,
              -23.4073198
            ],
            [
              -46.5454677,
              -23.4070533
            ],
            [
              -46.5452137,
              -23.4067035
            ],
            [
              -46.5447418,
              -23.4064869
            ],
            [
              -46.5442518,
              -23.4063204
            ],
            [
              -46.5433081,
              -23.4063037
            ],
            [
              -46.5428181,
              -23.4059706
            ],
            [
              -46.5409574,
              -23.4049742
            ],
            [
              -46.5402906,
              -23.4040448
            ],
            [
              -46.5393027,
              -23.4044075
            ],
            [
              -46.5376727,
              -23.4048836
            ],
            [
              -46.5371047,
              -23.4049742
            ],
            [
              -46.5365121,
              -23.4039315
            ],
            [
              -46.5361415,
              -23.4039088
            ],
            [
              -46.5354501,
              -23.4039315
            ],
            [
              -46.5346348,
              -23.4046115
            ],
            [
              -46.5336963,
              -23.4045889
            ],
            [
              -46.5331592,
              -23.4041829
            ],
            [
              -46.5332923,
              -23.4055619
            ],
            [
              -46.5327366,
              -23.4065252
            ],
            [
              -46.5299274,
              -23.4080553
            ],
            [
              -46.5294547,
              -23.4089239
            ],
            [
              -46.5293312,
              -23.4095331
            ],
            [
              -46.5293466,
              -23.4099155
            ],
            [
              -46.5291768,
              -23.4106381
            ],
            [
              -46.5294482,
              -23.4112007
            ]
          ]
        ]
      }
    },
    {
      "type": "Feature",
      "properties": {
        "station_name": "LM Hub_SP_Jardim Adriana",
        "zone_id": "B-6",
        "zone_name": "B-6",
        "zone_type": 100,
        "zone_area": 3425182,
        "zone_remark": ""
      },
      "geometry": {
        "type": "Polygon",
        "coordinates": [
          [
            [
              -46.5151417,
              -23.3903366
            ],
            [
              -46.5170756,
              -23.3908396
            ],
            [
              -46.5198605,
              -23.3924831
            ],
            [
              -46.5212531,
              -23.3923004
            ],
            [
              -46.5230434,
              -23.3936395
            ],
            [
              -46.5247011,
              -23.3956481
            ],
            [
              -46.5260182,
              -23.3967447
            ],
            [
              -46.5348917,
              -23.3866356
            ],
            [
              -46.5350353,
              -23.3787911
            ],
            [
              -46.5247367,
              -23.3749815
            ],
            [
              -46.5187275,
              -23.3746663
            ],
            [
              -46.5182454,
              -23.3746663
            ],
            [
              -46.5151417,
              -23.3903366
            ]
          ]
        ]
      }
    },
    {
      "type": "Feature",
      "properties": {
        "station_name": "LM Hub_SP_Jardim Adriana",
        "zone_id": "B-7",
        "zone_name": "B-7",
        "zone_type": 100,
        "zone_area": 1819579,
        "zone_remark": ""
      },
      "geometry": {
        "type": "Polygon",
        "coordinates": [
          [
            [
              -46.5194089,
              -23.4019354
            ],
            [
              -46.5244528,
              -23.4060831
            ],
            [
              -46.5268862,
              -23.4089798
            ],
            [
              -46.5294482,
              -23.4112007
            ],
            [
              -46.5291768,
              -23.4106381
            ],
            [
              -46.5293466,
              -23.4099155
            ],
            [
              -46.5293312,
              -23.4095331
            ],
            [
              -46.5294547,
              -23.4089239
            ],
            [
              -46.5299274,
              -23.4080553
            ],
            [
              -46.5327366,
              -23.4065252
            ],
            [
              -46.5332923,
              -23.4055619
            ],
            [
              -46.5331592,
              -23.4041829
            ],
            [
              -46.5330762,
              -23.4033234
            ],
            [
              -46.5330144,
              -23.4010566
            ],
            [
              -46.5332305,
              -23.3994982
            ],
            [
              -46.5336011,
              -23.3984214
            ],
            [
              -46.5338171,
              -23.3971746
            ],
            [
              -46.5348293,
              -23.3900443
            ],
            [
              -46.5348917,
              -23.3866356
            ],
            [
              -46.5260182,
              -23.3967447
            ],
            [
              -46.5236169,
              -23.3994804
            ],
            [
              -46.5235387,
              -23.4000907
            ],
            [
              -46.5219349,
              -23.3993008
            ],
            [
              -46.5200181,
              -23.4014193
            ],
            [
              -46.5194089,
              -23.4019354
            ]
          ]
        ]
      }
    },
    {
      "type": "Feature",
      "properties": {
        "station_name": "LM Hub_SP_Jardim Adriana",
        "zone_id": "B-8",
        "zone_name": "B-8",
        "zone_type": 100,
        "zone_area": 908821,
        "zone_remark": ""
      },
      "geometry": {
        "type": "Polygon",
        "coordinates": [
          [
            [
              -46.5160369,
              -23.3991626
            ],
            [
              -46.5194089,
              -23.4019354
            ],
            [
              -46.5200181,
              -23.4014193
            ],
            [
              -46.5219349,
              -23.3993008
            ],
            [
              -46.5235387,
              -23.4000907
            ],
            [
              -46.5236169,
              -23.3994804
            ],
            [
              -46.5260182,
              -23.3967447
            ],
            [
              -46.5247011,
              -23.3956481
            ],
            [
              -46.5230434,
              -23.3936395
            ],
            [
              -46.5212531,
              -23.3923004
            ],
            [
              -46.5198605,
              -23.3924831
            ],
            [
              -46.5170756,
              -23.3908396
            ],
            [
              -46.5151417,
              -23.3903366
            ],
            [
              -46.5144156,
              -23.3940028
            ],
            [
              -46.5140671,
              -23.3957621
            ],
            [
              -46.5153122,
              -23.3984053
            ],
            [
              -46.5161582,
              -23.3991031
            ],
            [
              -46.5160369,
              -23.3991626
            ]
          ]
        ]
      }
    },
    {
      "type": "Feature",
      "properties": {
        "station_name": "LM Hub_SP_Jardim Adriana",
        "zone_id": "B-9",
        "zone_name": "B-9",
        "zone_type": 100,
        "zone_area": 1377524,
        "zone_remark": ""
      },
      "geometry": {
        "type": "Polygon",
        "coordinates": [
          [
            [
              -46.5294482,
              -23.4112007
            ],
            [
              -46.5268862,
              -23.4089798
            ],
            [
              -46.5244528,
              -23.4060831
            ],
            [
              -46.5194089,
              -23.4019354
            ],
            [
              -46.5160369,
              -23.3991626
            ],
            [
              -46.5157209,
              -23.3993181
            ],
            [
              -46.5157991,
              -23.4002639
            ],
            [
              -46.5153462,
              -23.4008802
            ],
            [
              -46.5154086,
              -23.4016972
            ],
            [
              -46.5151432,
              -23.4018405
            ],
            [
              -46.5147163,
              -23.4029327
            ],
            [
              -46.5135514,
              -23.4048732
            ],
            [
              -46.5087182,
              -23.4080179
            ],
            [
              -46.5088236,
              -23.4081029
            ],
            [
              -46.5096458,
              -23.4087664
            ],
            [
              -46.5094709,
              -23.4088208
            ],
            [
              -46.5109429,
              -23.4098971
            ],
            [
              -46.5136182,
              -23.4108617
            ],
            [
              -46.5160547,
              -23.4110371
            ],
            [
              -46.5191603,
              -23.4110133
            ],
            [
              -46.5200765,
              -23.4112231
            ],
            [
              -46.5237665,
              -23.4112606
            ],
            [
              -46.5294261,
              -23.4113181
            ],
            [
              -46.5323146,
              -23.4113475
            ],
            [
              -46.5295053,
              -23.4113189
            ],
            [
              -46.5294482,
              -23.4112007
            ]
          ]
        ]
      }
    },
    {
      "type": "Feature",
      "properties": {
        "station_name": "LM Hub_SP_Jardim Adriana",
        "zone_id": "C-1",
        "zone_name": "C-1",
        "zone_type": 100,
        "zone_area": 4993854,
        "zone_remark": ""
      },
      "geometry": {
        "type": "Polygon",
        "coordinates": [
          [
            [
              -46.5482813,
              -23.4656774
            ],
            [
              -46.5486673,
              -23.4670085
            ],
            [
              -46.5486881,
              -23.4683005
            ],
            [
              -46.5495605,
              -23.4683908
            ],
            [
              -46.5517144,
              -23.4686188
            ],
            [
              -46.5524186,
              -23.4689608
            ],
            [
              -46.5525828,
              -23.4705908
            ],
            [
              -46.5532204,
              -23.4721693
            ],
            [
              -46.5551259,
              -23.4735372
            ],
            [
              -46.5553744,
              -23.4741452
            ],
            [
              -46.5586053,
              -23.4738032
            ],
            [
              -46.5592681,
              -23.4744872
            ],
            [
              -46.5600965,
              -23.4747532
            ],
            [
              -46.5681645,
              -23.4785201
            ],
            [
              -46.5686991,
              -23.4775891
            ],
            [
              -46.5693091,
              -23.4764621
            ],
            [
              -46.5697471,
              -23.4756541
            ],
            [
              -46.5697601,
              -23.4756321
            ],
            [
              -46.5699381,
              -23.4753251
            ],
            [
              -46.5700711,
              -23.4750931
            ],
            [
              -46.5703411,
              -23.4746261
            ],
            [
              -46.5705211,
              -23.4743121
            ],
            [
              -46.5706891,
              -23.4740101
            ],
            [
              -46.5708081,
              -23.4737971
            ],
            [
              -46.5709931,
              -23.4734641
            ],
            [
              -46.5710061,
              -23.4734211
            ],
            [
              -46.5710331,
              -23.4733921
            ],
            [
              -46.5711221,
              -23.4732361
            ],
            [
              -46.5712071,
              -23.4730761
            ],
            [
              -46.5714361,
              -23.4726621
            ],
            [
              -46.5716741,
              -23.4722191
            ],
            [
              -46.5717021,
              -23.4722461
            ],
            [
              -46.5717641,
              -23.4723111
            ],
            [
              -46.5718201,
              -23.4723891
            ],
            [
              -46.5718721,
              -23.4725041
            ],
            [
              -46.5719221,
              -23.4726111
            ],
            [
              -46.5719651,
              -23.4726531
            ],
            [
              -46.5720301,
              -23.4726841
            ],
            [
              -46.5720811,
              -23.4727071
            ],
            [
              -46.5721251,
              -23.4727151
            ],
            [
              -46.5721791,
              -23.4727081
            ],
            [
              -46.5723131,
              -23.4726571
            ],
            [
              -46.5723491,
              -23.4726523
            ],
            [
              -46.5723671,
              -23.4726501
            ],
            [
              -46.5724631,
              -23.4726601
            ],
            [
              -46.5730241,
              -23.4727411
            ],
            [
              -46.5730913,
              -23.4727543
            ],
            [
              -46.5732261,
              -23.4727811
            ],
            [
              -46.5733011,
              -23.4727921
            ],
            [
              -46.5733571,
              -23.4728131
            ],
            [
              -46.5733921,
              -23.4728351
            ],
            [
              -46.5734351,
              -23.4728931
            ],
            [
              -46.5734553,
              -23.4729291
            ],
            [
              -46.5734961,
              -23.4730011
            ],
            [
              -46.5735591,
              -23.4730861
            ],
            [
              -46.5736021,
              -23.4731421
            ],
            [
              -46.5736501,
              -23.4731901
            ],
            [
              -46.5737191,
              -23.4732201
            ],
            [
              -46.5739441,
              -23.4732831
            ],
            [
              -46.5740131,
              -23.4732971
            ],
            [
              -46.5744631,
              -23.4733331
            ],
            [
              -46.5749331,
              -23.4733501
            ],
            [
              -46.5750521,
              -23.4733401
            ],
            [
              -46.5753011,
              -23.4732911
            ],
            [
              -46.5755011,
              -23.4732191
            ],
            [
              -46.5755721,
              -23.4732131
            ],
            [
              -46.5756861,
              -23.4732251
            ],
            [
              -46.5757961,
              -23.4732551
            ],
            [
              -46.5758631,
              -23.4732691
            ],
            [
              -46.5760051,
              -23.4733011
            ],
            [
              -46.5760841,
              -23.4733281
            ],
            [
              -46.5763341,
              -23.4734481
            ],
            [
              -46.5764091,
              -23.4734981
            ],
            [
              -46.5764871,
              -23.4735361
            ],
            [
              -46.5765341,
              -23.4735521
            ],
            [
              -46.5765851,
              -23.4735541
            ],
            [
              -46.5766871,
              -23.4735331
            ],
            [
              -46.5767451,
              -23.4735341
            ],
            [
              -46.5768671,
              -23.4735511
            ],
            [
              -46.5770571,
              -23.4736181
            ],
            [
              -46.5772371,
              -23.4737121
            ],
            [
              -46.5774261,
              -23.4738291
            ],
            [
              -46.5775301,
              -23.4738761
            ],
            [
              -46.5775891,
              -23.4738931
            ],
            [
              -46.5776331,
              -23.4738971
            ],
            [
              -46.5776951,
              -23.4738931
            ],
            [
              -46.5778501,
              -23.4738841
            ],
            [
              -46.5781131,
              -23.4738791
            ],
            [
              -46.5782501,
              -23.4738881
            ],
            [
              -46.5784701,
              -23.4739101
            ],
            [
              -46.5787141,
              -23.4739221
            ],
            [
              -46.5789161,
              -23.4739201
            ],
            [
              -46.5790501,
              -23.4739291
            ],
            [
              -46.5791491,
              -23.4739601
            ],
            [
              -46.5791971,
              -23.4739833
            ],
            [
              -46.5792211,
              -23.4739951
            ],
            [
              -46.5793831,
              -23.4741191
            ],
            [
              -46.5797222,
              -23.4744226
            ],
            [
              -46.5846744,
              -23.4699161
            ],
            [
              -46.5834246,
              -23.4645905
            ],
            [
              -46.5833336,
              -23.4640512
            ],
            [
              -46.5715788,
              -23.4593786
            ],
            [
              -46.5715798,
              -23.4592384
            ],
            [
              -46.5664715,
              -23.4571296
            ],
            [
              -46.5631565,
              -23.4590269
            ],
            [
              -46.5622177,
              -23.4608838
            ],
            [
              -46.5597795,
              -23.4609071
            ],
            [
              -46.5592751,
              -23.4615314
            ],
            [
              -46.5574841,
              -23.4617141
            ],
            [
              -46.5546982,
              -23.4629615
            ],
            [
              -46.5533052,
              -23.4638135
            ],
            [
              -46.5482813,
              -23.4656774
            ]
          ]
        ]
      }
    },
    {
      "type": "Feature",
      "properties": {
        "station_name": "LM Hub_SP_Jardim Adriana",
        "zone_id": "C-10",
        "zone_name": "C-10",
        "zone_type": 100,
        "zone_area": 646396,
        "zone_remark": ""
      },
      "geometry": {
        "type": "Polygon",
        "coordinates": [
          [
            [
              -46.5634721,
              -23.4531493
            ],
            [
              -46.5645291,
              -23.4520154
            ],
            [
              -46.5638234,
              -23.4513939
            ],
            [
              -46.5633013,
              -23.4509148
            ],
            [
              -46.5618618,
              -23.4468359
            ],
            [
              -46.5613679,
              -23.4465769
            ],
            [
              -46.5612538,
              -23.4459935
            ],
            [
              -46.5611297,
              -23.4460191
            ],
            [
              -46.5592892,
              -23.4454318
            ],
            [
              -46.5575251,
              -23.4442808
            ],
            [
              -46.5574887,
              -23.4442571
            ],
            [
              -46.5550181,
              -23.4440369
            ],
            [
              -46.5520373,
              -23.4465697
            ],
            [
              -46.5516203,
              -23.4465976
            ],
            [
              -46.5514431,
              -23.4466094
            ],
            [
              -46.5521261,
              -23.4476454
            ],
            [
              -46.5531468,
              -23.4479842
            ],
            [
              -46.5548181,
              -23.4494993
            ],
            [
              -46.5613917,
              -23.4519554
            ],
            [
              -46.5615025,
              -23.4523419
            ],
            [
              -46.5634721,
              -23.4531493
            ]
          ]
        ]
      }
    },
    {
      "type": "Feature",
      "properties": {
        "station_name": "LM Hub_SP_Jardim Adriana",
        "zone_id": "C-11",
        "zone_name": "C-11",
        "zone_type": 100,
        "zone_area": 1047900,
        "zone_remark": ""
      },
      "geometry": {
        "type": "Polygon",
        "coordinates": [
          [
            [
              -46.5612538,
              -23.4459935
            ],
            [
              -46.5627301,
              -23.4456887
            ],
            [
              -46.5646106,
              -23.4449546
            ],
            [
              -46.5667712,
              -23.4454685
            ],
            [
              -46.5669241,
              -23.4463804
            ],
            [
              -46.5688509,
              -23.4455636
            ],
            [
              -46.5682595,
              -23.4430031
            ],
            [
              -46.5679481,
              -23.4405129
            ],
            [
              -46.5680739,
              -23.4384122
            ],
            [
              -46.5681705,
              -23.4367979
            ],
            [
              -46.5681428,
              -23.4372605
            ],
            [
              -46.5647853,
              -23.4369019
            ],
            [
              -46.5644836,
              -23.4359575
            ],
            [
              -46.5628333,
              -23.4352573
            ],
            [
              -46.5613251,
              -23.4363809
            ],
            [
              -46.5603312,
              -23.4366741
            ],
            [
              -46.5597279,
              -23.4368857
            ],
            [
              -46.5591423,
              -23.4366251
            ],
            [
              -46.5586249,
              -23.4370773
            ],
            [
              -46.5585995,
              -23.4370695
            ],
            [
              -46.5585969,
              -23.4370655
            ],
            [
              -46.5574625,
              -23.4384309
            ],
            [
              -46.5577105,
              -23.4397962
            ],
            [
              -46.5582396,
              -23.4404637
            ],
            [
              -46.5581569,
              -23.4411369
            ],
            [
              -46.5583057,
              -23.4428361
            ],
            [
              -46.5577766,
              -23.4437613
            ],
            [
              -46.5575251,
              -23.4442808
            ],
            [
              -46.5592892,
              -23.4454318
            ],
            [
              -46.5611297,
              -23.4460191
            ],
            [
              -46.5612538,
              -23.4459935
            ]
          ]
        ]
      }
    },
    {
      "type": "Feature",
      "properties": {
        "station_name": "LM Hub_SP_Jardim Adriana",
        "zone_id": "C-12",
        "zone_name": "C-12",
        "zone_type": 100,
        "zone_area": 1105788,
        "zone_remark": ""
      },
      "geometry": {
        "type": "Polygon",
        "coordinates": [
          [
            [
              -46.5691146,
              -23.4328825
            ],
            [
              -46.5686492,
              -23.4323726
            ],
            [
              -46.5675197,
              -23.4313153
            ],
            [
              -46.5670679,
              -23.4302788
            ],
            [
              -46.5672261,
              -23.4293045
            ],
            [
              -46.5662547,
              -23.4284131
            ],
            [
              -46.5656181,
              -23.4269605
            ],
            [
              -46.5652206,
              -23.4274469
            ],
            [
              -46.5647235,
              -23.4279715
            ],
            [
              -46.5634311,
              -23.4287925
            ],
            [
              -46.5624458,
              -23.4291542
            ],
            [
              -46.5622002,
              -23.4291491
            ],
            [
              -46.5618824,
              -23.4292016
            ],
            [
              -46.5615518,
              -23.4291666
            ],
            [
              -46.5613971,
              -23.4292543
            ],
            [
              -46.5612139,
              -23.4291108
            ],
            [
              -46.5590805,
              -23.4299672
            ],
            [
              -46.5573438,
              -23.4302716
            ],
            [
              -46.5531471,
              -23.4310071
            ],
            [
              -46.5523263,
              -23.4323441
            ],
            [
              -46.5527157,
              -23.4327747
            ],
            [
              -46.5542668,
              -23.4338545
            ],
            [
              -46.5553901,
              -23.4350081
            ],
            [
              -46.5569681,
              -23.4351798
            ],
            [
              -46.5577437,
              -23.4357688
            ],
            [
              -46.5585969,
              -23.4370655
            ],
            [
              -46.5585995,
              -23.4370695
            ],
            [
              -46.5586249,
              -23.4370773
            ],
            [
              -46.5591423,
              -23.4366251
            ],
            [
              -46.5597279,
              -23.4368857
            ],
            [
              -46.5603312,
              -23.4366741
            ],
            [
              -46.5613251,
              -23.4363809
            ],
            [
              -46.5628333,
              -23.4352573
            ],
            [
              -46.5644836,
              -23.4359575
            ],
            [
              -46.5647853,
              -23.4369019
            ],
            [
              -46.5681428,
              -23.4372605
            ],
            [
              -46.5681705,
              -23.4367979
            ],
            [
              -46.5686599,
              -23.4339811
            ],
            [
              -46.5691146,
              -23.4328825
            ]
          ]
        ]
      }
    },
    {
      "type": "Feature",
      "properties": {
        "station_name": "LM Hub_SP_Jardim Adriana",
        "zone_id": "C-13",
        "zone_name": "C-13",
        "zone_type": 100,
        "zone_area": 2822836,
        "zone_remark": ""
      },
      "geometry": {
        "type": "Polygon",
        "coordinates": [
          [
            [
              -46.5744678,
              -23.4249027
            ],
            [
              -46.5738125,
              -23.4247481
            ],
            [
              -46.5724083,
              -23.4241432
            ],
            [
              -46.5710901,
              -23.4235383
            ],
            [
              -46.5694279,
              -23.4225651
            ],
            [
              -46.5677657,
              -23.4221706
            ],
            [
              -46.5658223,
              -23.4220243
            ],
            [
              -46.5631285,
              -23.4218139
            ],
            [
              -46.5608931,
              -23.4211301
            ],
            [
              -46.5599706,
              -23.4198813
            ],
            [
              -46.5586005,
              -23.4180266
            ],
            [
              -46.5561932,
              -23.4158173
            ],
            [
              -46.5545883,
              -23.4145022
            ],
            [
              -46.5510921,
              -23.4138183
            ],
            [
              -46.5473092,
              -23.4142918
            ],
            [
              -46.5451885,
              -23.4141866
            ],
            [
              -46.5440539,
              -23.4137354
            ],
            [
              -46.5417004,
              -23.4158664
            ],
            [
              -46.5426977,
              -23.4175075
            ],
            [
              -46.5432261,
              -23.4192975
            ],
            [
              -46.5436819,
              -23.4194612
            ],
            [
              -46.5436819,
              -23.4200134
            ],
            [
              -46.5461812,
              -23.4232628
            ],
            [
              -46.5475263,
              -23.4225742
            ],
            [
              -46.5475588,
              -23.4223555
            ],
            [
              -46.5477982,
              -23.4218575
            ],
            [
              -46.5491551,
              -23.4205098
            ],
            [
              -46.5502244,
              -23.4198213
            ],
            [
              -46.5507991,
              -23.4193379
            ],
            [
              -46.5511821,
              -23.4188399
            ],
            [
              -46.5524111,
              -23.4190889
            ],
            [
              -46.5543744,
              -23.4199385
            ],
            [
              -46.5514217,
              -23.4257865
            ],
            [
              -46.5516716,
              -23.4264617
            ],
            [
              -46.5517391,
              -23.4266441
            ],
            [
              -46.5517849,
              -23.4267677
            ],
            [
              -46.5529421,
              -23.4269164
            ],
            [
              -46.5529421,
              -23.4265341
            ],
            [
              -46.5555107,
              -23.4270225
            ],
            [
              -46.5556024,
              -23.4276543
            ],
            [
              -46.5575694,
              -23.4293745
            ],
            [
              -46.5573438,
              -23.4302716
            ],
            [
              -46.5590805,
              -23.4299672
            ],
            [
              -46.5612139,
              -23.4291108
            ],
            [
              -46.5613971,
              -23.4292543
            ],
            [
              -46.5615518,
              -23.4291666
            ],
            [
              -46.5618824,
              -23.4292016
            ],
            [
              -46.5622002,
              -23.4291491
            ],
            [
              -46.5624458,
              -23.4291542
            ],
            [
              -46.5634311,
              -23.4287925
            ],
            [
              -46.5647235,
              -23.4279715
            ],
            [
              -46.5652206,
              -23.4274469
            ],
            [
              -46.5656181,
              -23.4269605
            ],
            [
              -46.5662547,
              -23.4284131
            ],
            [
              -46.5672261,
              -23.4293045
            ],
            [
              -46.5670679,
              -23.4302788
            ],
            [
              -46.5675197,
              -23.4313153
            ],
            [
              -46.5686492,
              -23.4323726
            ],
            [
              -46.5691146,
              -23.4328825
            ],
            [
              -46.5699948,
              -23.4307558
            ],
            [
              -46.5703812,
              -23.4301755
            ],
            [
              -46.5716126,
              -23.4283261
            ],
            [
              -46.5744678,
              -23.4249027
            ]
          ]
        ]
      }
    },
    {
      "type": "Feature",
      "properties": {
        "station_name": "LM Hub_SP_Jardim Adriana",
        "zone_id": "C-14",
        "zone_name": "C-14",
        "zone_type": 100,
        "zone_area": 221469,
        "zone_remark": ""
      },
      "geometry": {
        "type": "Polygon",
        "coordinates": [
          [
            [
              -46.5514217,
              -23.4257865
            ],
            [
              -46.5543744,
              -23.4199385
            ],
            [
              -46.5524111,
              -23.4190889
            ],
            [
              -46.5511821,
              -23.4188399
            ],
            [
              -46.5507991,
              -23.4193379
            ],
            [
              -46.5502244,
              -23.4198213
            ],
            [
              -46.5491551,
              -23.4205098
            ],
            [
              -46.5477982,
              -23.4218575
            ],
            [
              -46.5475588,
              -23.4223555
            ],
            [
              -46.5475263,
              -23.4225742
            ],
            [
              -46.5489459,
              -23.4218474
            ],
            [
              -46.5496327,
              -23.4219467
            ],
            [
              -46.5511601,
              -23.4238157
            ],
            [
              -46.5507435,
              -23.4244103
            ],
            [
              -46.5513683,
              -23.4256421
            ],
            [
              -46.5514217,
              -23.4257865
            ]
          ]
        ]
      }
    },
    {
      "type": "Feature",
      "properties": {
        "station_name": "LM Hub_SP_Jardim Adriana",
        "zone_id": "C-15",
        "zone_name": "C-15",
        "zone_type": 100,
        "zone_area": 999956,
        "zone_remark": ""
      },
      "geometry": {
        "type": "Polygon",
        "coordinates": [
          [
            [
              -46.5432261,
              -23.4192975
            ],
            [
              -46.5433106,
              -23.4195839
            ],
            [
              -46.5428863,
              -23.4215738
            ],
            [
              -46.5410006,
              -23.4242991
            ],
            [
              -46.5400578,
              -23.4263321
            ],
            [
              -46.5386435,
              -23.4278027
            ],
            [
              -46.5377861,
              -23.4300261
            ],
            [
              -46.5375593,
              -23.4306143
            ],
            [
              -46.5374941,
              -23.4313027
            ],
            [
              -46.5377462,
              -23.4313292
            ],
            [
              -46.5386494,
              -23.4315718
            ],
            [
              -46.5390791,
              -23.4317942
            ],
            [
              -46.5393213,
              -23.4321479
            ],
            [
              -46.5396407,
              -23.4327342
            ],
            [
              -46.5402906,
              -23.4330881
            ],
            [
              -46.5408965,
              -23.4330779
            ],
            [
              -46.5414582,
              -23.4331486
            ],
            [
              -46.5419869,
              -23.4332497
            ],
            [
              -46.5425157,
              -23.4332598
            ],
            [
              -46.5428351,
              -23.4331183
            ],
            [
              -46.5428914,
              -23.4331331
            ],
            [
              -46.5444781,
              -23.4310566
            ],
            [
              -46.5441761,
              -23.4297191
            ],
            [
              -46.5447981,
              -23.4299964
            ],
            [
              -46.5447625,
              -23.4293114
            ],
            [
              -46.5450824,
              -23.4286753
            ],
            [
              -46.5463088,
              -23.4279576
            ],
            [
              -46.5471797,
              -23.4275988
            ],
            [
              -46.5492236,
              -23.4262451
            ],
            [
              -46.5517391,
              -23.4266441
            ],
            [
              -46.5516716,
              -23.4264617
            ],
            [
              -46.5514217,
              -23.4257865
            ],
            [
              -46.5513683,
              -23.4256421
            ],
            [
              -46.5507435,
              -23.4244103
            ],
            [
              -46.5511601,
              -23.4238157
            ],
            [
              -46.5496327,
              -23.4219467
            ],
            [
              -46.5489459,
              -23.4218474
            ],
            [
              -46.5475263,
              -23.4225742
            ],
            [
              -46.5461812,
              -23.4232628
            ],
            [
              -46.5436819,
              -23.4200134
            ],
            [
              -46.5436819,
              -23.4194612
            ],
            [
              -46.5432261,
              -23.4192975
            ]
          ]
        ]
      }
    },
    {
      "type": "Feature",
      "properties": {
        "station_name": "LM Hub_SP_Jardim Adriana",
        "zone_id": "C-16",
        "zone_name": "C-16",
        "zone_type": 100,
        "zone_area": 944681,
        "zone_remark": ""
      },
      "geometry": {
        "type": "Polygon",
        "coordinates": [
          [
            [
              -46.5573438,
              -23.4302716
            ],
            [
              -46.5575694,
              -23.4293745
            ],
            [
              -46.5556024,
              -23.4276543
            ],
            [
              -46.5555107,
              -23.4270225
            ],
            [
              -46.5529421,
              -23.4265341
            ],
            [
              -46.5529421,
              -23.4269164
            ],
            [
              -46.5517849,
              -23.4267677
            ],
            [
              -46.5517391,
              -23.4266441
            ],
            [
              -46.5492236,
              -23.4262451
            ],
            [
              -46.5471797,
              -23.4275988
            ],
            [
              -46.5463088,
              -23.4279576
            ],
            [
              -46.5450824,
              -23.4286753
            ],
            [
              -46.5447625,
              -23.4293114
            ],
            [
              -46.5447981,
              -23.4299964
            ],
            [
              -46.5441761,
              -23.4297191
            ],
            [
              -46.5444781,
              -23.4310566
            ],
            [
              -46.5428914,
              -23.4331331
            ],
            [
              -46.5432977,
              -23.4332396
            ],
            [
              -46.5439696,
              -23.4337652
            ],
            [
              -46.5441945,
              -23.4337903
            ],
            [
              -46.5450512,
              -23.4341646
            ],
            [
              -46.5457243,
              -23.4345577
            ],
            [
              -46.5462751,
              -23.4353438
            ],
            [
              -46.5468257,
              -23.4356058
            ],
            [
              -46.5472057,
              -23.4359171
            ],
            [
              -46.5473077,
              -23.4368342
            ],
            [
              -46.5475393,
              -23.4376022
            ],
            [
              -46.5476083,
              -23.4377099
            ],
            [
              -46.5499135,
              -23.4360842
            ],
            [
              -46.5503136,
              -23.4350138
            ],
            [
              -46.5515136,
              -23.4336681
            ],
            [
              -46.5523263,
              -23.4323441
            ],
            [
              -46.5531471,
              -23.4310071
            ],
            [
              -46.5573438,
              -23.4302716
            ]
          ]
        ]
      }
    },
    {
      "type": "Feature",
      "properties": {
        "station_name": "LM Hub_SP_Jardim Adriana",
        "zone_id": "C-17",
        "zone_name": "C-17",
        "zone_type": 100,
        "zone_area": 1102792,
        "zone_remark": ""
      },
      "geometry": {
        "type": "Polygon",
        "coordinates": [
          [
            [
              -46.5474425,
              -23.4378268
            ],
            [
              -46.5484679,
              -23.4387551
            ],
            [
              -46.5485843,
              -23.4398061
            ],
            [
              -46.5486038,
              -23.4413378
            ],
            [
              -46.5488723,
              -23.4420741
            ],
            [
              -46.5491829,
              -23.4430181
            ],
            [
              -46.5488623,
              -23.4436713
            ],
            [
              -46.5498098,
              -23.4445286
            ],
            [
              -46.5516203,
              -23.4465976
            ],
            [
              -46.5520373,
              -23.4465697
            ],
            [
              -46.5550181,
              -23.4440369
            ],
            [
              -46.5574887,
              -23.4442571
            ],
            [
              -46.5575251,
              -23.4442808
            ],
            [
              -46.5577766,
              -23.4437613
            ],
            [
              -46.5583057,
              -23.4428361
            ],
            [
              -46.5581569,
              -23.4411369
            ],
            [
              -46.5582396,
              -23.4404637
            ],
            [
              -46.5577105,
              -23.4397962
            ],
            [
              -46.5574625,
              -23.4384309
            ],
            [
              -46.5585969,
              -23.4370655
            ],
            [
              -46.5577437,
              -23.4357688
            ],
            [
              -46.5569681,
              -23.4351798
            ],
            [
              -46.5553901,
              -23.4350081
            ],
            [
              -46.5542668,
              -23.4338545
            ],
            [
              -46.5527157,
              -23.4327747
            ],
            [
              -46.5523263,
              -23.4323441
            ],
            [
              -46.5515136,
              -23.4336681
            ],
            [
              -46.5503136,
              -23.4350138
            ],
            [
              -46.5499135,
              -23.4360842
            ],
            [
              -46.5476083,
              -23.4377099
            ],
            [
              -46.5474425,
              -23.4378268
            ]
          ]
        ]
      }
    },
    {
      "type": "Feature",
      "properties": {
        "station_name": "LM Hub_SP_Jardim Adriana",
        "zone_id": "C-18",
        "zone_name": "C-18",
        "zone_type": 100,
        "zone_area": 440078,
        "zone_remark": ""
      },
      "geometry": {
        "type": "Polygon",
        "coordinates": [
          [
            [
              -46.5417377,
              -23.4414627
            ],
            [
              -46.5442202,
              -23.4436031
            ],
            [
              -46.5450587,
              -23.4442923
            ],
            [
              -46.5477752,
              -23.4457429
            ],
            [
              -46.5472211,
              -23.4468627
            ],
            [
              -46.5472225,
              -23.4468627
            ],
            [
              -46.5479162,
              -23.4468451
            ],
            [
              -46.5514431,
              -23.4466094
            ],
            [
              -46.5516203,
              -23.4465976
            ],
            [
              -46.5498098,
              -23.4445286
            ],
            [
              -46.5488623,
              -23.4436713
            ],
            [
              -46.5491829,
              -23.4430181
            ],
            [
              -46.5488723,
              -23.4420741
            ],
            [
              -46.5486038,
              -23.4413378
            ],
            [
              -46.5485843,
              -23.4398061
            ],
            [
              -46.5484679,
              -23.4387551
            ],
            [
              -46.5474425,
              -23.4378268
            ],
            [
              -46.5458801,
              -23.4389286
            ],
            [
              -46.5422133,
              -23.4412223
            ],
            [
              -46.5417377,
              -23.4414627
            ]
          ]
        ]
      }
    },
    {
      "type": "Feature",
      "properties": {
        "station_name": "LM Hub_SP_Jardim Adriana",
        "zone_id": "C-19",
        "zone_name": "C-19",
        "zone_type": 100,
        "zone_area": 818476,
        "zone_remark": ""
      },
      "geometry": {
        "type": "Polygon",
        "coordinates": [
          [
            [
              -46.5417377,
              -23.4414627
            ],
            [
              -46.5422133,
              -23.4412223
            ],
            [
              -46.5458801,
              -23.4389286
            ],
            [
              -46.5474425,
              -23.4378268
            ],
            [
              -46.5476083,
              -23.4377099
            ],
            [
              -46.5475393,
              -23.4376022
            ],
            [
              -46.5473077,
              -23.4368342
            ],
            [
              -46.5472057,
              -23.4359171
            ],
            [
              -46.5468257,
              -23.4356058
            ],
            [
              -46.5462751,
              -23.4353438
            ],
            [
              -46.5457243,
              -23.4345577
            ],
            [
              -46.5450512,
              -23.4341646
            ],
            [
              -46.5441945,
              -23.4337903
            ],
            [
              -46.5439696,
              -23.4337652
            ],
            [
              -46.5432977,
              -23.4332396
            ],
            [
              -46.5428914,
              -23.4331331
            ],
            [
              -46.5428351,
              -23.4331183
            ],
            [
              -46.5425157,
              -23.4332598
            ],
            [
              -46.5419869,
              -23.4332497
            ],
            [
              -46.5414582,
              -23.4331486
            ],
            [
              -46.5408965,
              -23.4330779
            ],
            [
              -46.5402906,
              -23.4330881
            ],
            [
              -46.5396407,
              -23.4327342
            ],
            [
              -46.5393213,
              -23.4321479
            ],
            [
              -46.5390791,
              -23.4317942
            ],
            [
              -46.5386494,
              -23.4315718
            ],
            [
              -46.5377462,
              -23.4313292
            ],
            [
              -46.5374941,
              -23.4313027
            ],
            [
              -46.5373707,
              -23.4326041
            ],
            [
              -46.5374651,
              -23.4336854
            ],
            [
              -46.5371418,
              -23.4340741
            ],
            [
              -46.5374161,
              -23.4350496
            ],
            [
              -46.5380643,
              -23.4386713
            ],
            [
              -46.5377868,
              -23.4406066
            ],
            [
              -46.5378514,
              -23.4411893
            ],
            [
              -46.5380862,
              -23.4433083
            ],
            [
              -46.5417377,
              -23.4414627
            ]
          ]
        ]
      }
    },
    {
      "type": "Feature",
      "properties": {
        "station_name": "LM Hub_SP_Jardim Adriana",
        "zone_id": "C-2",
        "zone_name": "C-2",
        "zone_type": 100,
        "zone_area": 4401291,
        "zone_remark": ""
      },
      "geometry": {
        "type": "Polygon",
        "coordinates": [
          [
            [
              -46.5681645,
              -23.4785201
            ],
            [
              -46.5600965,
              -23.4747532
            ],
            [
              -46.5592681,
              -23.4744872
            ],
            [
              -46.5586053,
              -23.4738032
            ],
            [
              -46.5553744,
              -23.4741452
            ],
            [
              -46.5551259,
              -23.4735372
            ],
            [
              -46.5532204,
              -23.4721693
            ],
            [
              -46.5525828,
              -23.4705908
            ],
            [
              -46.5524186,
              -23.4689608
            ],
            [
              -46.5517144,
              -23.4686188
            ],
            [
              -46.5495605,
              -23.4683908
            ],
            [
              -46.5486881,
              -23.4683005
            ],
            [
              -46.5486673,
              -23.4670085
            ],
            [
              -46.5482813,
              -23.4656774
            ],
            [
              -46.5465532,
              -23.4663186
            ],
            [
              -46.5465193,
              -23.4665499
            ],
            [
              -46.5461285,
              -23.4672438
            ],
            [
              -46.5453721,
              -23.4680418
            ],
            [
              -46.5453721,
              -23.4687126
            ],
            [
              -46.5459394,
              -23.4717427
            ],
            [
              -46.5464058,
              -23.4727489
            ],
            [
              -46.5465571,
              -23.4739632
            ],
            [
              -46.5471622,
              -23.4750272
            ],
            [
              -46.5476161,
              -23.4762415
            ],
            [
              -46.5480134,
              -23.4791882
            ],
            [
              -46.5477613,
              -23.4801134
            ],
            [
              -46.5453769,
              -23.4849835
            ],
            [
              -46.5453517,
              -23.4852611
            ],
            [
              -46.5437002,
              -23.4861399
            ],
            [
              -46.5444062,
              -23.4864637
            ],
            [
              -46.5435934,
              -23.4876365
            ],
            [
              -46.5446215,
              -23.4882974
            ],
            [
              -46.5448486,
              -23.4884436
            ],
            [
              -46.5450258,
              -23.4885583
            ],
            [
              -46.5455273,
              -23.4888803
            ],
            [
              -46.5460039,
              -23.4891701
            ],
            [
              -46.5464141,
              -23.4894361
            ],
            [
              -46.5469626,
              -23.4897961
            ],
            [
              -46.5482806,
              -23.4906408
            ],
            [
              -46.5491661,
              -23.4912141
            ],
            [
              -46.5498488,
              -23.4916681
            ],
            [
              -46.5514534,
              -23.4927291
            ],
            [
              -46.5516722,
              -23.4928627
            ],
            [
              -46.5517721,
              -23.4929211
            ],
            [
              -46.5524961,
              -23.4934081
            ],
            [
              -46.5541491,
              -23.4945571
            ],
            [
              -46.5547411,
              -23.4950491
            ],
            [
              -46.5578381,
              -23.4971761
            ],
            [
              -46.5595171,
              -23.4983341
            ],
            [
              -46.5620777,
              -23.5000245
            ],
            [
              -46.5620811,
              -23.5000191
            ],
            [
              -46.5621171,
              -23.4999251
            ],
            [
              -46.5621361,
              -23.4998271
            ],
            [
              -46.5621361,
              -23.4997051
            ],
            [
              -46.5621251,
              -23.4995911
            ],
            [
              -46.5620861,
              -23.4993831
            ],
            [
              -46.5620641,
              -23.4992891
            ],
            [
              -46.5620481,
              -23.4991981
            ],
            [
              -46.5619981,
              -23.4990841
            ],
            [
              -46.5619401,
              -23.4989681
            ],
            [
              -46.5618791,
              -23.4988471
            ],
            [
              -46.5618071,
              -23.4987191
            ],
            [
              -46.5609671,
              -23.4972601
            ],
            [
              -46.5606561,
              -23.4967321
            ],
            [
              -46.5605871,
              -23.4965931
            ],
            [
              -46.5605401,
              -23.4964891
            ],
            [
              -46.5605101,
              -23.4963781
            ],
            [
              -46.5600841,
              -23.4942231
            ],
            [
              -46.5600371,
              -23.4939801
            ],
            [
              -46.5600181,
              -23.4937781
            ],
            [
              -46.5600061,
              -23.4935481
            ],
            [
              -46.5599901,
              -23.4926271
            ],
            [
              -46.5599854,
              -23.4921577
            ],
            [
              -46.5599811,
              -23.4915921
            ],
            [
              -46.5599611,
              -23.4905311
            ],
            [
              -46.5599471,
              -23.4896911
            ],
            [
              -46.5599501,
              -23.4894711
            ],
            [
              -46.5599691,
              -23.4893251
            ],
            [
              -46.5599971,
              -23.4892141
            ],
            [
              -46.5600411,
              -23.4890971
            ],
            [
              -46.5600931,
              -23.4889981
            ],
            [
              -46.5601481,
              -23.4889051
            ],
            [
              -46.5602281,
              -23.4888191
            ],
            [
              -46.5603391,
              -23.4887071
            ],
            [
              -46.5604961,
              -23.4885861
            ],
            [
              -46.5606641,
              -23.4884501
            ],
            [
              -46.5607581,
              -23.4883791
            ],
            [
              -46.5608241,
              -23.4883011
            ],
            [
              -46.5608711,
              -23.4882231
            ],
            [
              -46.5608731,
              -23.4882188
            ],
            [
              -46.5609091,
              -23.4881371
            ],
            [
              -46.5609421,
              -23.4880301
            ],
            [
              -46.5610001,
              -23.4878201
            ],
            [
              -46.5611081,
              -23.4873161
            ],
            [
              -46.5613711,
              -23.4871591
            ],
            [
              -46.5621781,
              -23.4866321
            ],
            [
              -46.5628481,
              -23.4861951
            ],
            [
              -46.5638641,
              -23.4855331
            ],
            [
              -46.5644281,
              -23.4851651
            ],
            [
              -46.5645851,
              -23.4850201
            ],
            [
              -46.5647771,
              -23.4846441
            ],
            [
              -46.5648361,
              -23.4845291
            ],
            [
              -46.5648591,
              -23.4844831
            ],
            [
              -46.5653431,
              -23.4836121
            ],
            [
              -46.5653511,
              -23.4835971
            ],
            [
              -46.5656361,
              -23.4830881
            ],
            [
              -46.5659281,
              -23.4825651
            ],
            [
              -46.5661101,
              -23.4822371
            ],
            [
              -46.5663101,
              -23.4818761
            ],
            [
              -46.5667041,
              -23.4811631
            ],
            [
              -46.5669811,
              -23.4806641
            ],
            [
              -46.5671321,
              -23.4803891
            ],
            [
              -46.5673341,
              -23.4800251
            ],
            [
              -46.5673961,
              -23.4799131
            ],
            [
              -46.5675561,
              -23.4796231
            ],
            [
              -46.5677871,
              -23.4792021
            ],
            [
              -46.5681141,
              -23.4786071
            ],
            [
              -46.5681191,
              -23.4785991
            ],
            [
              -46.5681645,
              -23.4785201
            ]
          ]
        ]
      }
    },
    {
      "type": "Feature",
      "properties": {
        "station_name": "LM Hub_SP_Jardim Adriana",
        "zone_id": "C-20",
        "zone_name": "C-20",
        "zone_type": 100,
        "zone_area": 262655,
        "zone_remark": ""
      },
      "geometry": {
        "type": "Polygon",
        "coordinates": [
          [
            [
              -46.5472211,
              -23.4468627
            ],
            [
              -46.5477752,
              -23.4457429
            ],
            [
              -46.5450587,
              -23.4442923
            ],
            [
              -46.5442202,
              -23.4436031
            ],
            [
              -46.5417377,
              -23.4414627
            ],
            [
              -46.5380862,
              -23.4433083
            ],
            [
              -46.5380988,
              -23.4434221
            ],
            [
              -46.5447353,
              -23.4468634
            ],
            [
              -46.5470159,
              -23.4471203
            ],
            [
              -46.5471961,
              -23.4468634
            ],
            [
              -46.5472211,
              -23.4468627
            ]
          ]
        ]
      }
    },
    {
      "type": "Feature",
      "properties": {
        "station_name": "LM Hub_SP_Jardim Adriana",
        "zone_id": "C-21",
        "zone_name": "C-21",
        "zone_type": 100,
        "zone_area": 363534,
        "zone_remark": ""
      },
      "geometry": {
        "type": "Polygon",
        "coordinates": [
          [
            [
              -46.5472225,
              -23.4468627
            ],
            [
              -46.5472211,
              -23.4468627
            ],
            [
              -46.5471961,
              -23.4468634
            ],
            [
              -46.5470159,
              -23.4471203
            ],
            [
              -46.5447353,
              -23.4468634
            ],
            [
              -46.5380988,
              -23.4434221
            ],
            [
              -46.5381198,
              -23.4436113
            ],
            [
              -46.5371181,
              -23.4459818
            ],
            [
              -46.5393805,
              -23.4476779
            ],
            [
              -46.5417592,
              -23.4500071
            ],
            [
              -46.5457756,
              -23.4497194
            ],
            [
              -46.5457341,
              -23.4496744
            ],
            [
              -46.5459447,
              -23.4495711
            ],
            [
              -46.5472225,
              -23.4468627
            ]
          ]
        ]
      }
    },
    {
      "type": "Feature",
      "properties": {
        "station_name": "LM Hub_SP_Jardim Adriana",
        "zone_id": "C-22",
        "zone_name": "C-22",
        "zone_type": 100,
        "zone_area": 661842,
        "zone_remark": ""
      },
      "geometry": {
        "type": "Polygon",
        "coordinates": [
          [
            [
              -46.5514431,
              -23.4466094
            ],
            [
              -46.5479162,
              -23.4468451
            ],
            [
              -46.5472225,
              -23.4468627
            ],
            [
              -46.5459447,
              -23.4495711
            ],
            [
              -46.5457341,
              -23.4496744
            ],
            [
              -46.5457756,
              -23.4497194
            ],
            [
              -46.5459728,
              -23.4499332
            ],
            [
              -46.5476877,
              -23.4502239
            ],
            [
              -46.5479301,
              -23.4508054
            ],
            [
              -46.5481724,
              -23.4515238
            ],
            [
              -46.5480791,
              -23.4521395
            ],
            [
              -46.5476691,
              -23.4525501
            ],
            [
              -46.5473918,
              -23.4529659
            ],
            [
              -46.5473415,
              -23.4531322
            ],
            [
              -46.5476536,
              -23.4535293
            ],
            [
              -46.5470999,
              -23.4538249
            ],
            [
              -46.5476536,
              -23.4547671
            ],
            [
              -46.5474522,
              -23.4549055
            ],
            [
              -46.5478146,
              -23.4555336
            ],
            [
              -46.5482054,
              -23.4559319
            ],
            [
              -46.5484298,
              -23.4557437
            ],
            [
              -46.5503661,
              -23.4560935
            ],
            [
              -46.5520381,
              -23.4552593
            ],
            [
              -46.5534418,
              -23.4558761
            ],
            [
              -46.5539503,
              -23.4527267
            ],
            [
              -46.5535811,
              -23.4525075
            ],
            [
              -46.5549711,
              -23.4496381
            ],
            [
              -46.5548181,
              -23.4494993
            ],
            [
              -46.5531468,
              -23.4479842
            ],
            [
              -46.5521261,
              -23.4476454
            ],
            [
              -46.5514431,
              -23.4466094
            ]
          ]
        ]
      }
    },
    {
      "type": "Feature",
      "properties": {
        "station_name": "LM Hub_SP_Jardim Adriana",
        "zone_id": "C-23",
        "zone_name": "C-23",
        "zone_type": 100,
        "zone_area": 895697,
        "zone_remark": ""
      },
      "geometry": {
        "type": "Polygon",
        "coordinates": [
          [
            [
              -46.5370514,
              -23.4467541
            ],
            [
              -46.5370097,
              -23.4487039
            ],
            [
              -46.5350668,
              -23.4511483
            ],
            [
              -46.5349402,
              -23.4514277
            ],
            [
              -46.5377596,
              -23.4538596
            ],
            [
              -46.5382808,
              -23.4545969
            ],
            [
              -46.5389038,
              -23.4550356
            ],
            [
              -46.5402928,
              -23.4556322
            ],
            [
              -46.5407656,
              -23.4555237
            ],
            [
              -46.5435183,
              -23.4568503
            ],
            [
              -46.5436914,
              -23.4569337
            ],
            [
              -46.5439574,
              -23.4565541
            ],
            [
              -46.5477308,
              -23.4569322
            ],
            [
              -46.5474031,
              -23.4566048
            ],
            [
              -46.5482054,
              -23.4559319
            ],
            [
              -46.5478146,
              -23.4555336
            ],
            [
              -46.5474522,
              -23.4549055
            ],
            [
              -46.5476536,
              -23.4547671
            ],
            [
              -46.5470999,
              -23.4538249
            ],
            [
              -46.5476536,
              -23.4535293
            ],
            [
              -46.5473415,
              -23.4531322
            ],
            [
              -46.5473918,
              -23.4529659
            ],
            [
              -46.5476691,
              -23.4525501
            ],
            [
              -46.5480791,
              -23.4521395
            ],
            [
              -46.5481724,
              -23.4515238
            ],
            [
              -46.5479301,
              -23.4508054
            ],
            [
              -46.5476877,
              -23.4502239
            ],
            [
              -46.5459728,
              -23.4499332
            ],
            [
              -46.5457756,
              -23.4497194
            ],
            [
              -46.5417592,
              -23.4500071
            ],
            [
              -46.5393805,
              -23.4476779
            ],
            [
              -46.5371181,
              -23.4459818
            ],
            [
              -46.5370652,
              -23.4461067
            ],
            [
              -46.5370514,
              -23.4467541
            ]
          ]
        ]
      }
    },
    {
      "type": "Feature",
      "properties": {
        "station_name": "LM Hub_SP_Jardim Adriana",
        "zone_id": "C-24",
        "zone_name": "C-24",
        "zone_type": 100,
        "zone_area": 991468,
        "zone_remark": ""
      },
      "geometry": {
        "type": "Polygon",
        "coordinates": [
          [
            [
              -46.5308483,
              -23.4409521
            ],
            [
              -46.5301531,
              -23.4410318
            ],
            [
              -46.5299662,
              -23.4413918
            ],
            [
              -46.5290321,
              -23.4414261
            ],
            [
              -46.5278736,
              -23.4422662
            ],
            [
              -46.5268834,
              -23.4421291
            ],
            [
              -46.5261361,
              -23.4427976
            ],
            [
              -46.5262481,
              -23.4432605
            ],
            [
              -46.5263041,
              -23.4447863
            ],
            [
              -46.5253701,
              -23.4453178
            ],
            [
              -46.5255007,
              -23.4470843
            ],
            [
              -46.5253129,
              -23.4474091
            ],
            [
              -46.5255073,
              -23.4473706
            ],
            [
              -46.5250168,
              -23.4486011
            ],
            [
              -46.5270117,
              -23.4485109
            ],
            [
              -46.5295358,
              -23.4489162
            ],
            [
              -46.5278818,
              -23.4518513
            ],
            [
              -46.5327563,
              -23.4539881
            ],
            [
              -46.5330746,
              -23.4541275
            ],
            [
              -46.5338384,
              -23.4538601
            ],
            [
              -46.5349402,
              -23.4514277
            ],
            [
              -46.5350668,
              -23.4511483
            ],
            [
              -46.5370097,
              -23.4487039
            ],
            [
              -46.5370514,
              -23.4467541
            ],
            [
              -46.5365467,
              -23.4461841
            ],
            [
              -46.5357884,
              -23.4472722
            ],
            [
              -46.5347774,
              -23.4471117
            ],
            [
              -46.5342525,
              -23.4464516
            ],
            [
              -46.5334359,
              -23.4463802
            ],
            [
              -46.5333971,
              -23.4457023
            ],
            [
              -46.5330276,
              -23.4442573
            ],
            [
              -46.5308431,
              -23.4409665
            ],
            [
              -46.5308483,
              -23.4409521
            ]
          ]
        ]
      }
    },
    {
      "type": "Feature",
      "properties": {
        "station_name": "LM Hub_SP_Jardim Adriana",
        "zone_id": "C-25",
        "zone_name": "C-25",
        "zone_type": 100,
        "zone_area": 346403,
        "zone_remark": ""
      },
      "geometry": {
        "type": "Polygon",
        "coordinates": [
          [
            [
              -46.5380988,
              -23.4434221
            ],
            [
              -46.5380862,
              -23.4433083
            ],
            [
              -46.5378514,
              -23.4411893
            ],
            [
              -46.5359031,
              -23.4411001
            ],
            [
              -46.5359714,
              -23.4414136
            ],
            [
              -46.5357835,
              -23.4421504
            ],
            [
              -46.5343653,
              -23.4413195
            ],
            [
              -46.5332889,
              -23.4410373
            ],
            [
              -46.5323662,
              -23.4402377
            ],
            [
              -46.5314948,
              -23.4393283
            ],
            [
              -46.5313827,
              -23.4394987
            ],
            [
              -46.5308968,
              -23.4402377
            ],
            [
              -46.5306731,
              -23.4398901
            ],
            [
              -46.5305075,
              -23.4402699
            ],
            [
              -46.5308672,
              -23.4409001
            ],
            [
              -46.5308483,
              -23.4409521
            ],
            [
              -46.5308431,
              -23.4409665
            ],
            [
              -46.5330276,
              -23.4442573
            ],
            [
              -46.5333971,
              -23.4457023
            ],
            [
              -46.5334359,
              -23.4463802
            ],
            [
              -46.5342525,
              -23.4464516
            ],
            [
              -46.5347774,
              -23.4471117
            ],
            [
              -46.5357884,
              -23.4472722
            ],
            [
              -46.5365467,
              -23.4461841
            ],
            [
              -46.5370514,
              -23.4467541
            ],
            [
              -46.5370652,
              -23.4461067
            ],
            [
              -46.5371181,
              -23.4459818
            ],
            [
              -46.5381198,
              -23.4436113
            ],
            [
              -46.5380988,
              -23.4434221
            ]
          ]
        ]
      }
    },
    {
      "type": "Feature",
      "properties": {
        "station_name": "LM Hub_SP_Jardim Adriana",
        "zone_id": "C-26",
        "zone_name": "C-26",
        "zone_type": 100,
        "zone_area": 440331,
        "zone_remark": ""
      },
      "geometry": {
        "type": "Polygon",
        "coordinates": [
          [
            [
              -46.5313827,
              -23.4394987
            ],
            [
              -46.5314948,
              -23.4393283
            ],
            [
              -46.5323662,
              -23.4402377
            ],
            [
              -46.5332889,
              -23.4410373
            ],
            [
              -46.5343653,
              -23.4413195
            ],
            [
              -46.5357835,
              -23.4421504
            ],
            [
              -46.5359714,
              -23.4414136
            ],
            [
              -46.5359031,
              -23.4411001
            ],
            [
              -46.5378514,
              -23.4411893
            ],
            [
              -46.5377868,
              -23.4406066
            ],
            [
              -46.5380643,
              -23.4386713
            ],
            [
              -46.5374161,
              -23.4350496
            ],
            [
              -46.5371418,
              -23.4340741
            ],
            [
              -46.5371354,
              -23.4340513
            ],
            [
              -46.5346084,
              -23.4343089
            ],
            [
              -46.5330441,
              -23.4337898
            ],
            [
              -46.5333481,
              -23.4353248
            ],
            [
              -46.5325714,
              -23.4358484
            ],
            [
              -46.5324922,
              -23.4366338
            ],
            [
              -46.5321911,
              -23.4373029
            ],
            [
              -46.5316521,
              -23.4378702
            ],
            [
              -46.5318423,
              -23.4380011
            ],
            [
              -46.5310114,
              -23.4394085
            ],
            [
              -46.5313827,
              -23.4394987
            ]
          ]
        ]
      }
    },
    {
      "type": "Feature",
      "properties": {
        "station_name": "LM Hub_SP_Jardim Adriana",
        "zone_id": "C-27",
        "zone_name": "C-27",
        "zone_type": 100,
        "zone_area": 897649,
        "zone_remark": ""
      },
      "geometry": {
        "type": "Polygon",
        "coordinates": [
          [
            [
              -46.5268393,
              -23.4308583
            ],
            [
              -46.5267469,
              -23.4307991
            ],
            [
              -46.5214791,
              -23.4301041
            ],
            [
              -46.5213772,
              -23.4300905
            ],
            [
              -46.5213565,
              -23.4300843
            ],
            [
              -46.5216925,
              -23.4332292
            ],
            [
              -46.5221178,
              -23.4358632
            ],
            [
              -46.5222596,
              -23.4375866
            ],
            [
              -46.5223831,
              -23.4390359
            ],
            [
              -46.5226301,
              -23.4388595
            ],
            [
              -46.5231235,
              -23.4384796
            ],
            [
              -46.5303085,
              -23.4393237
            ],
            [
              -46.5306731,
              -23.4398901
            ],
            [
              -46.5308968,
              -23.4402377
            ],
            [
              -46.5313827,
              -23.4394987
            ],
            [
              -46.5310114,
              -23.4394085
            ],
            [
              -46.5318423,
              -23.4380011
            ],
            [
              -46.5316521,
              -23.4378702
            ],
            [
              -46.5321911,
              -23.4373029
            ],
            [
              -46.5324922,
              -23.4366338
            ],
            [
              -46.5325714,
              -23.4358484
            ],
            [
              -46.5333481,
              -23.4353248
            ],
            [
              -46.5330441,
              -23.4337898
            ],
            [
              -46.5296599,
              -23.4326667
            ],
            [
              -46.5281569,
              -23.4317031
            ],
            [
              -46.5268393,
              -23.4308583
            ]
          ]
        ]
      }
    },
    {
      "type": "Feature",
      "properties": {
        "station_name": "LM Hub_SP_Jardim Adriana",
        "zone_id": "C-28",
        "zone_name": "C-28",
        "zone_type": 100,
        "zone_area": 575932,
        "zone_remark": ""
      },
      "geometry": {
        "type": "Polygon",
        "coordinates": [
          [
            [
              -46.5326206,
              -23.4246883
            ],
            [
              -46.5320025,
              -23.4265208
            ],
            [
              -46.5315029,
              -23.4260752
            ],
            [
              -46.5308404,
              -23.4273938
            ],
            [
              -46.5304487,
              -23.4282984
            ],
            [
              -46.5315987,
              -23.4289478
            ],
            [
              -46.5307014,
              -23.4299568
            ],
            [
              -46.5281569,
              -23.4317031
            ],
            [
              -46.5296599,
              -23.4326667
            ],
            [
              -46.5330441,
              -23.4337898
            ],
            [
              -46.5346084,
              -23.4343089
            ],
            [
              -46.5371354,
              -23.4340513
            ],
            [
              -46.5371418,
              -23.4340741
            ],
            [
              -46.5374651,
              -23.4336854
            ],
            [
              -46.5373707,
              -23.4326041
            ],
            [
              -46.5374941,
              -23.4313027
            ],
            [
              -46.5375593,
              -23.4306143
            ],
            [
              -46.5377861,
              -23.4300261
            ],
            [
              -46.5368588,
              -23.4295024
            ],
            [
              -46.5360469,
              -23.4279897
            ],
            [
              -46.5348661,
              -23.4269963
            ],
            [
              -46.5338819,
              -23.4257319
            ],
            [
              -46.5326206,
              -23.4246883
            ]
          ]
        ]
      }
    },
    {
      "type": "Feature",
      "properties": {
        "station_name": "LM Hub_SP_Jardim Adriana",
        "zone_id": "C-29",
        "zone_name": "C-29",
        "zone_type": 100,
        "zone_area": 176859,
        "zone_remark": ""
      },
      "geometry": {
        "type": "Polygon",
        "coordinates": [
          [
            [
              -46.5315029,
              -23.4260752
            ],
            [
              -46.5304738,
              -23.4251575
            ],
            [
              -46.5300225,
              -23.4248921
            ],
            [
              -46.5289349,
              -23.4265803
            ],
            [
              -46.5292704,
              -23.4267926
            ],
            [
              -46.5272572,
              -23.4297975
            ],
            [
              -46.5268523,
              -23.4303815
            ],
            [
              -46.5268393,
              -23.4308583
            ],
            [
              -46.5281569,
              -23.4317031
            ],
            [
              -46.5307014,
              -23.4299568
            ],
            [
              -46.5315987,
              -23.4289478
            ],
            [
              -46.5304487,
              -23.4282984
            ],
            [
              -46.5308404,
              -23.4273938
            ],
            [
              -46.5315029,
              -23.4260752
            ]
          ]
        ]
      }
    },
    {
      "type": "Feature",
      "properties": {
        "station_name": "LM Hub_SP_Jardim Adriana",
        "zone_id": "C-3",
        "zone_name": "C-3",
        "zone_type": 100,
        "zone_area": 3243823,
        "zone_remark": ""
      },
      "geometry": {
        "type": "Polygon",
        "coordinates": [
          [
            [
              -46.5435934,
              -23.4876365
            ],
            [
              -46.5444062,
              -23.4864637
            ],
            [
              -46.5437002,
              -23.4861399
            ],
            [
              -46.5453517,
              -23.4852611
            ],
            [
              -46.5453769,
              -23.4849835
            ],
            [
              -46.5477613,
              -23.4801134
            ],
            [
              -46.5480134,
              -23.4791882
            ],
            [
              -46.5476161,
              -23.4762415
            ],
            [
              -46.5471622,
              -23.4750272
            ],
            [
              -46.5465571,
              -23.4739632
            ],
            [
              -46.5464058,
              -23.4727489
            ],
            [
              -46.5459394,
              -23.4717427
            ],
            [
              -46.5453721,
              -23.4687126
            ],
            [
              -46.5453721,
              -23.4680418
            ],
            [
              -46.5461285,
              -23.4672438
            ],
            [
              -46.5465193,
              -23.4665499
            ],
            [
              -46.5465532,
              -23.4663186
            ],
            [
              -46.5466157,
              -23.4658914
            ],
            [
              -46.5429639,
              -23.4642164
            ],
            [
              -46.5388112,
              -23.4623117
            ],
            [
              -46.5383579,
              -23.4629926
            ],
            [
              -46.5373493,
              -23.4632561
            ],
            [
              -46.5353452,
              -23.4667397
            ],
            [
              -46.5353804,
              -23.4678957
            ],
            [
              -46.5342453,
              -23.4710044
            ],
            [
              -46.5311944,
              -23.4731264
            ],
            [
              -46.5298531,
              -23.4756344
            ],
            [
              -46.5284491,
              -23.4777604
            ],
            [
              -46.5286591,
              -23.4778843
            ],
            [
              -46.5288572,
              -23.4779897
            ],
            [
              -46.5290763,
              -23.4781016
            ],
            [
              -46.5294949,
              -23.4783725
            ],
            [
              -46.5321921,
              -23.4800751
            ],
            [
              -46.5326752,
              -23.4805258
            ],
            [
              -46.5332313,
              -23.4808776
            ],
            [
              -46.5337634,
              -23.4812237
            ],
            [
              -46.5349561,
              -23.4821102
            ],
            [
              -46.5352545,
              -23.4823018
            ],
            [
              -46.5358851,
              -23.4827045
            ],
            [
              -46.5366005,
              -23.4831609
            ],
            [
              -46.5378381,
              -23.4839542
            ],
            [
              -46.5384331,
              -23.4843383
            ],
            [
              -46.5387217,
              -23.4845248
            ],
            [
              -46.5395539,
              -23.4850444
            ],
            [
              -46.5412877,
              -23.4861614
            ],
            [
              -46.5435934,
              -23.4876365
            ]
          ]
        ]
      }
    },
    {
      "type": "Feature",
      "properties": {
        "station_name": "LM Hub_SP_Jardim Adriana",
        "zone_id": "C-30",
        "zone_name": "C-30",
        "zone_type": 100,
        "zone_area": 604571,
        "zone_remark": ""
      },
      "geometry": {
        "type": "Polygon",
        "coordinates": [
          [
            [
              -46.5268393,
              -23.4308583
            ],
            [
              -46.5268523,
              -23.4303815
            ],
            [
              -46.5272572,
              -23.4297975
            ],
            [
              -46.5292704,
              -23.4267926
            ],
            [
              -46.5289349,
              -23.4265803
            ],
            [
              -46.5300225,
              -23.4248921
            ],
            [
              -46.5304738,
              -23.4251575
            ],
            [
              -46.5315029,
              -23.4260752
            ],
            [
              -46.5320025,
              -23.4265208
            ],
            [
              -46.5326206,
              -23.4246883
            ],
            [
              -46.5308804,
              -23.4232484
            ],
            [
              -46.5303145,
              -23.4230001
            ],
            [
              -46.5296503,
              -23.4223227
            ],
            [
              -46.5258861,
              -23.4230226
            ],
            [
              -46.5255878,
              -23.4231138
            ],
            [
              -46.5248528,
              -23.4233387
            ],
            [
              -46.5241886,
              -23.4237225
            ],
            [
              -46.5225402,
              -23.4261383
            ],
            [
              -46.5222451,
              -23.4268159
            ],
            [
              -46.5219991,
              -23.4273801
            ],
            [
              -46.5214791,
              -23.4301041
            ],
            [
              -46.5267469,
              -23.4307991
            ],
            [
              -46.5268393,
              -23.4308583
            ]
          ]
        ]
      }
    },
    {
      "type": "Feature",
      "properties": {
        "station_name": "LM Hub_SP_Jardim Adriana",
        "zone_id": "C-31",
        "zone_name": "C-31",
        "zone_type": 100,
        "zone_area": 2419256,
        "zone_remark": ""
      },
      "geometry": {
        "type": "Polygon",
        "coordinates": [
          [
            [
              -46.5323146,
              -23.4113475
            ],
            [
              -46.5294261,
              -23.4113181
            ],
            [
              -46.5295024,
              -23.4117624
            ],
            [
              -46.5290504,
              -23.4127428
            ],
            [
              -46.5280246,
              -23.4151446
            ],
            [
              -46.5270372,
              -23.4174566
            ],
            [
              -46.5265647,
              -23.4191157
            ],
            [
              -46.5265852,
              -23.4200395
            ],
            [
              -46.5259289,
              -23.4220625
            ],
            [
              -46.5255878,
              -23.4231138
            ],
            [
              -46.5258861,
              -23.4230226
            ],
            [
              -46.5296503,
              -23.4223227
            ],
            [
              -46.5303145,
              -23.4230001
            ],
            [
              -46.5308804,
              -23.4232484
            ],
            [
              -46.5326206,
              -23.4246883
            ],
            [
              -46.5338819,
              -23.4257319
            ],
            [
              -46.5348661,
              -23.4269963
            ],
            [
              -46.5360469,
              -23.4279897
            ],
            [
              -46.5368588,
              -23.4295024
            ],
            [
              -46.5377861,
              -23.4300261
            ],
            [
              -46.5386435,
              -23.4278027
            ],
            [
              -46.5400578,
              -23.4263321
            ],
            [
              -46.5410006,
              -23.4242991
            ],
            [
              -46.5428863,
              -23.4215738
            ],
            [
              -46.5433106,
              -23.4195839
            ],
            [
              -46.5432261,
              -23.4192975
            ],
            [
              -46.5426977,
              -23.4175075
            ],
            [
              -46.5417004,
              -23.4158664
            ],
            [
              -46.5441872,
              -23.4136146
            ],
            [
              -46.5424548,
              -23.4130201
            ],
            [
              -46.5404267,
              -23.4119679
            ],
            [
              -46.5382223,
              -23.4111856
            ],
            [
              -46.5323146,
              -23.4113475
            ]
          ]
        ]
      }
    },
    {
      "type": "Feature",
      "properties": {
        "station_name": "LM Hub_SP_Jardim Adriana",
        "zone_id": "C-32",
        "zone_name": "C-32",
        "zone_type": 100,
        "zone_area": 463486,
        "zone_remark": ""
      },
      "geometry": {
        "type": "Polygon",
        "coordinates": [
          [
            [
              -46.5280246,
              -23.4151446
            ],
            [
              -46.5235531,
              -23.4135497
            ],
            [
              -46.5216622,
              -23.4155237
            ],
            [
              -46.5185423,
              -23.4145476
            ],
            [
              -46.5195716,
              -23.4188822
            ],
            [
              -46.5212912,
              -23.4192489
            ],
            [
              -46.5229413,
              -23.4194561
            ],
            [
              -46.5237923,
              -23.4196793
            ],
            [
              -46.5242613,
              -23.4196793
            ],
            [
              -46.5246955,
              -23.4196633
            ],
            [
              -46.5255987,
              -23.4202851
            ],
            [
              -46.5260677,
              -23.4208589
            ],
            [
              -46.5257898,
              -23.4217834
            ],
            [
              -46.5259289,
              -23.4220625
            ],
            [
              -46.5265852,
              -23.4200395
            ],
            [
              -46.5265647,
              -23.4191157
            ],
            [
              -46.5270372,
              -23.4174566
            ],
            [
              -46.5280246,
              -23.4151446
            ]
          ]
        ]
      }
    },
    {
      "type": "Feature",
      "properties": {
        "station_name": "LM Hub_SP_Jardim Adriana",
        "zone_id": "C-4",
        "zone_name": "C-4",
        "zone_type": 100,
        "zone_area": 2076033,
        "zone_remark": ""
      },
      "geometry": {
        "type": "Polygon",
        "coordinates": [
          [
            [
              -46.5298703,
              -23.4583916
            ],
            [
              -46.5297245,
              -23.4583247
            ],
            [
              -46.5280303,
              -23.4603733
            ],
            [
              -46.5269945,
              -23.4633722
            ],
            [
              -46.5267982,
              -23.4639406
            ],
            [
              -46.5241031,
              -23.4668721
            ],
            [
              -46.5176532,
              -23.4713696
            ],
            [
              -46.5176656,
              -23.4713729
            ],
            [
              -46.5176887,
              -23.4713894
            ],
            [
              -46.5177433,
              -23.4714136
            ],
            [
              -46.5177761,
              -23.4714291
            ],
            [
              -46.5178047,
              -23.4714438
            ],
            [
              -46.5180237,
              -23.4715498
            ],
            [
              -46.5183371,
              -23.4716911
            ],
            [
              -46.5192701,
              -23.4721611
            ],
            [
              -46.5203161,
              -23.4727131
            ],
            [
              -46.5208641,
              -23.4730291
            ],
            [
              -46.5219901,
              -23.4737335
            ],
            [
              -46.5239842,
              -23.4750262
            ],
            [
              -46.5250141,
              -23.4756701
            ],
            [
              -46.5274861,
              -23.4771921
            ],
            [
              -46.5276156,
              -23.4772691
            ],
            [
              -46.5278391,
              -23.4774004
            ],
            [
              -46.5284491,
              -23.4777604
            ],
            [
              -46.5298531,
              -23.4756344
            ],
            [
              -46.5311944,
              -23.4731264
            ],
            [
              -46.5342453,
              -23.4710044
            ],
            [
              -46.5353804,
              -23.4678957
            ],
            [
              -46.5353452,
              -23.4667397
            ],
            [
              -46.5373493,
              -23.4632561
            ],
            [
              -46.5383579,
              -23.4629926
            ],
            [
              -46.5388112,
              -23.4623117
            ],
            [
              -46.5386352,
              -23.4622311
            ],
            [
              -46.5353459,
              -23.4607223
            ],
            [
              -46.5328817,
              -23.4597729
            ],
            [
              -46.5298703,
              -23.4583916
            ]
          ]
        ]
      }
    },
    {
      "type": "Feature",
      "properties": {
        "station_name": "LM Hub_SP_Jardim Adriana",
        "zone_id": "C-5",
        "zone_name": "C-5",
        "zone_type": 100,
        "zone_area": 776091,
        "zone_remark": ""
      },
      "geometry": {
        "type": "Polygon",
        "coordinates": [
          [
            [
              -46.5349402,
              -23.4514277
            ],
            [
              -46.5338384,
              -23.4538601
            ],
            [
              -46.5332905,
              -23.4550694
            ],
            [
              -46.5298703,
              -23.4583916
            ],
            [
              -46.5328817,
              -23.4597729
            ],
            [
              -46.5353459,
              -23.4607223
            ],
            [
              -46.5386352,
              -23.4622311
            ],
            [
              -46.5392168,
              -23.4609893
            ],
            [
              -46.5395445,
              -23.4606011
            ],
            [
              -46.5398176,
              -23.4599621
            ],
            [
              -46.5404594,
              -23.4598118
            ],
            [
              -46.5412104,
              -23.4594861
            ],
            [
              -46.5419614,
              -23.4588722
            ],
            [
              -46.5428625,
              -23.4579702
            ],
            [
              -46.5435183,
              -23.4568503
            ],
            [
              -46.5407656,
              -23.4555237
            ],
            [
              -46.5402928,
              -23.4556322
            ],
            [
              -46.5389038,
              -23.4550356
            ],
            [
              -46.5382808,
              -23.4545969
            ],
            [
              -46.5377596,
              -23.4538596
            ],
            [
              -46.5349402,
              -23.4514277
            ]
          ]
        ]
      }
    },
    {
      "type": "Feature",
      "properties": {
        "station_name": "LM Hub_SP_Jardim Adriana",
        "zone_id": "C-6",
        "zone_name": "C-6",
        "zone_type": 100,
        "zone_area": 648772,
        "zone_remark": ""
      },
      "geometry": {
        "type": "Polygon",
        "coordinates": [
          [
            [
              -46.5477308,
              -23.4569322
            ],
            [
              -46.5439574,
              -23.4565541
            ],
            [
              -46.5436914,
              -23.4569337
            ],
            [
              -46.5435183,
              -23.4568503
            ],
            [
              -46.5428625,
              -23.4579702
            ],
            [
              -46.5419614,
              -23.4588722
            ],
            [
              -46.5412104,
              -23.4594861
            ],
            [
              -46.5404594,
              -23.4598118
            ],
            [
              -46.5398176,
              -23.4599621
            ],
            [
              -46.5395445,
              -23.4606011
            ],
            [
              -46.5392168,
              -23.4609893
            ],
            [
              -46.5386352,
              -23.4622311
            ],
            [
              -46.5388112,
              -23.4623117
            ],
            [
              -46.5429639,
              -23.4642164
            ],
            [
              -46.5466157,
              -23.4658914
            ],
            [
              -46.5466696,
              -23.4659161
            ],
            [
              -46.5478431,
              -23.4635211
            ],
            [
              -46.5477844,
              -23.4619064
            ],
            [
              -46.5487231,
              -23.4579235
            ],
            [
              -46.5477308,
              -23.4569322
            ]
          ]
        ]
      }
    },
    {
      "type": "Feature",
      "properties": {
        "station_name": "LM Hub_SP_Jardim Adriana",
        "zone_id": "C-7",
        "zone_name": "C-7",
        "zone_type": 100,
        "zone_area": 896917,
        "zone_remark": ""
      },
      "geometry": {
        "type": "Polygon",
        "coordinates": [
          [
            [
              -46.5482813,
              -23.4656774
            ],
            [
              -46.5533052,
              -23.4638135
            ],
            [
              -46.5546982,
              -23.4629615
            ],
            [
              -46.5574841,
              -23.4617141
            ],
            [
              -46.5592751,
              -23.4615314
            ],
            [
              -46.5597795,
              -23.4609071
            ],
            [
              -46.5594015,
              -23.4609107
            ],
            [
              -46.5576121,
              -23.4577082
            ],
            [
              -46.5534418,
              -23.4558761
            ],
            [
              -46.5520381,
              -23.4552593
            ],
            [
              -46.5503661,
              -23.4560935
            ],
            [
              -46.5484298,
              -23.4557437
            ],
            [
              -46.5482054,
              -23.4559319
            ],
            [
              -46.5474031,
              -23.4566048
            ],
            [
              -46.5477308,
              -23.4569322
            ],
            [
              -46.5487231,
              -23.4579235
            ],
            [
              -46.5477844,
              -23.4619064
            ],
            [
              -46.5478431,
              -23.4635211
            ],
            [
              -46.5466696,
              -23.4659161
            ],
            [
              -46.5466157,
              -23.4658914
            ],
            [
              -46.5465532,
              -23.4663186
            ],
            [
              -46.5482813,
              -23.4656774
            ]
          ]
        ]
      }
    },
    {
      "type": "Feature",
      "properties": {
        "station_name": "LM Hub_SP_Jardim Adriana",
        "zone_id": "C-8",
        "zone_name": "C-8",
        "zone_type": 100,
        "zone_area": 1185037,
        "zone_remark": ""
      },
      "geometry": {
        "type": "Polygon",
        "coordinates": [
          [
            [
              -46.5711428,
              -23.4556964
            ],
            [
              -46.5658033,
              -23.4536843
            ],
            [
              -46.5635864,
              -23.4531962
            ],
            [
              -46.5634721,
              -23.4531493
            ],
            [
              -46.5615025,
              -23.4523419
            ],
            [
              -46.5613917,
              -23.4519554
            ],
            [
              -46.5548181,
              -23.4494993
            ],
            [
              -46.5549711,
              -23.4496381
            ],
            [
              -46.5535811,
              -23.4525075
            ],
            [
              -46.5539503,
              -23.4527267
            ],
            [
              -46.5534418,
              -23.4558761
            ],
            [
              -46.5576121,
              -23.4577082
            ],
            [
              -46.5594015,
              -23.4609107
            ],
            [
              -46.5597795,
              -23.4609071
            ],
            [
              -46.5622177,
              -23.4608838
            ],
            [
              -46.5631565,
              -23.4590269
            ],
            [
              -46.5664715,
              -23.4571296
            ],
            [
              -46.5715798,
              -23.4592384
            ],
            [
              -46.5715841,
              -23.4586309
            ],
            [
              -46.5711428,
              -23.4556964
            ]
          ]
        ]
      }
    },
    {
      "type": "Feature",
      "properties": {
        "station_name": "LM Hub_SP_Jardim Adriana",
        "zone_id": "C-9",
        "zone_name": "C-9",
        "zone_type": 100,
        "zone_area": 692323,
        "zone_remark": ""
      },
      "geometry": {
        "type": "Polygon",
        "coordinates": [
          [
            [
              -46.5705468,
              -23.4529028
            ],
            [
              -46.5698759,
              -23.4500015
            ],
            [
              -46.5693946,
              -23.4479175
            ],
            [
              -46.5688509,
              -23.4455636
            ],
            [
              -46.5669241,
              -23.4463804
            ],
            [
              -46.5667712,
              -23.4454685
            ],
            [
              -46.5646106,
              -23.4449546
            ],
            [
              -46.5627301,
              -23.4456887
            ],
            [
              -46.5612538,
              -23.4459935
            ],
            [
              -46.5613679,
              -23.4465769
            ],
            [
              -46.5618618,
              -23.4468359
            ],
            [
              -46.5633013,
              -23.4509148
            ],
            [
              -46.5638234,
              -23.4513939
            ],
            [
              -46.5645291,
              -23.4520154
            ],
            [
              -46.5634721,
              -23.4531493
            ],
            [
              -46.5635864,
              -23.4531962
            ],
            [
              -46.5658033,
              -23.4536843
            ],
            [
              -46.5711428,
              -23.4556964
            ],
            [
              -46.5710501,
              -23.4550797
            ],
            [
              -46.5705468,
              -23.4529028
            ]
          ]
        ]
      }
    },
    {
      "type": "Feature",
      "properties": {
        "station_name": "LM Hub_SP_Jardim Adriana",
        "zone_id": "D-1",
        "zone_name": "D-1",
        "zone_type": 100,
        "zone_area": 1678525,
        "zone_remark": ""
      },
      "geometry": {
        "type": "Polygon",
        "coordinates": [
          [
            [
              -46.5294261,
              -23.4113181
            ],
            [
              -46.5237665,
              -23.4112606
            ],
            [
              -46.5200765,
              -23.4112231
            ],
            [
              -46.5191603,
              -23.4110133
            ],
            [
              -46.5160547,
              -23.4110371
            ],
            [
              -46.5136182,
              -23.4108617
            ],
            [
              -46.5109429,
              -23.4098971
            ],
            [
              -46.5094709,
              -23.4088208
            ],
            [
              -46.5093193,
              -23.4088679
            ],
            [
              -46.5090221,
              -23.4112206
            ],
            [
              -46.5094679,
              -23.4120389
            ],
            [
              -46.5093564,
              -23.4131641
            ],
            [
              -46.5085985,
              -23.4142686
            ],
            [
              -46.5094905,
              -23.4146781
            ],
            [
              -46.5101614,
              -23.4151398
            ],
            [
              -46.5109162,
              -23.4156786
            ],
            [
              -46.5113075,
              -23.4167562
            ],
            [
              -46.5121742,
              -23.4173719
            ],
            [
              -46.5130687,
              -23.4174489
            ],
            [
              -46.5131526,
              -23.4190652
            ],
            [
              -46.5143826,
              -23.4198605
            ],
            [
              -46.5170104,
              -23.4211946
            ],
            [
              -46.5200855,
              -23.4229392
            ],
            [
              -46.5217628,
              -23.4247094
            ],
            [
              -46.5222451,
              -23.4268159
            ],
            [
              -46.5225402,
              -23.4261383
            ],
            [
              -46.5241886,
              -23.4237225
            ],
            [
              -46.5248528,
              -23.4233387
            ],
            [
              -46.5255878,
              -23.4231138
            ],
            [
              -46.5259289,
              -23.4220625
            ],
            [
              -46.5257898,
              -23.4217834
            ],
            [
              -46.5260677,
              -23.4208589
            ],
            [
              -46.5255987,
              -23.4202851
            ],
            [
              -46.5246955,
              -23.4196633
            ],
            [
              -46.5242613,
              -23.4196793
            ],
            [
              -46.5237923,
              -23.4196793
            ],
            [
              -46.5229413,
              -23.4194561
            ],
            [
              -46.5212912,
              -23.4192489
            ],
            [
              -46.5195716,
              -23.4188822
            ],
            [
              -46.5185423,
              -23.4145476
            ],
            [
              -46.5216622,
              -23.4155237
            ],
            [
              -46.5235531,
              -23.4135497
            ],
            [
              -46.5280246,
              -23.4151446
            ],
            [
              -46.5290504,
              -23.4127428
            ],
            [
              -46.5295024,
              -23.4117624
            ],
            [
              -46.5294261,
              -23.4113181
            ]
          ]
        ]
      }
    },
    {
      "type": "Feature",
      "properties": {
        "station_name": "LM Hub_SP_Jardim Adriana",
        "zone_id": "D-10",
        "zone_name": "D-10",
        "zone_type": 100,
        "zone_area": 816323,
        "zone_remark": ""
      },
      "geometry": {
        "type": "Polygon",
        "coordinates": [
          [
            [
              -46.5338384,
              -23.4538601
            ],
            [
              -46.5330746,
              -23.4541275
            ],
            [
              -46.5327563,
              -23.4539881
            ],
            [
              -46.5316621,
              -23.4543555
            ],
            [
              -46.5308211,
              -23.4543748
            ],
            [
              -46.5284777,
              -23.4550675
            ],
            [
              -46.5275508,
              -23.4547698
            ],
            [
              -46.5269019,
              -23.4548549
            ],
            [
              -46.5255269,
              -23.4545997
            ],
            [
              -46.5238429,
              -23.4543021
            ],
            [
              -46.5238501,
              -23.4541257
            ],
            [
              -46.5237478,
              -23.4538548
            ],
            [
              -46.5220448,
              -23.4536465
            ],
            [
              -46.5220561,
              -23.4526569
            ],
            [
              -46.5213409,
              -23.4524798
            ],
            [
              -46.5208641,
              -23.4524277
            ],
            [
              -46.5208641,
              -23.4528861
            ],
            [
              -46.5204166,
              -23.4528708
            ],
            [
              -46.5201087,
              -23.4551007
            ],
            [
              -46.5201612,
              -23.4551441
            ],
            [
              -46.5201078,
              -23.4566625
            ],
            [
              -46.5203801,
              -23.4575682
            ],
            [
              -46.5205349,
              -23.4580831
            ],
            [
              -46.5231513,
              -23.4608261
            ],
            [
              -46.5257143,
              -23.4626383
            ],
            [
              -46.5269945,
              -23.4633722
            ],
            [
              -46.5280303,
              -23.4603733
            ],
            [
              -46.5297245,
              -23.4583247
            ],
            [
              -46.5298703,
              -23.4583916
            ],
            [
              -46.5332905,
              -23.4550694
            ],
            [
              -46.5338384,
              -23.4538601
            ]
          ]
        ]
      }
    },
    {
      "type": "Feature",
      "properties": {
        "station_name": "LM Hub_SP_Jardim Adriana",
        "zone_id": "D-11",
        "zone_name": "D-11",
        "zone_type": 100,
        "zone_area": 1262786,
        "zone_remark": ""
      },
      "geometry": {
        "type": "Polygon",
        "coordinates": [
          [
            [
              -46.5269945,
              -23.4633722
            ],
            [
              -46.5257143,
              -23.4626383
            ],
            [
              -46.5231513,
              -23.4608261
            ],
            [
              -46.5205349,
              -23.4580831
            ],
            [
              -46.5203801,
              -23.4575682
            ],
            [
              -46.5196904,
              -23.4577666
            ],
            [
              -46.5193127,
              -23.4581861
            ],
            [
              -46.5186966,
              -23.4599001
            ],
            [
              -46.5183984,
              -23.4606478
            ],
            [
              -46.5176631,
              -23.4616325
            ],
            [
              -46.5171662,
              -23.4620519
            ],
            [
              -46.5167488,
              -23.4624895
            ],
            [
              -46.5165699,
              -23.4630001
            ],
            [
              -46.5161724,
              -23.4635107
            ],
            [
              -46.5155165,
              -23.4637842
            ],
            [
              -46.5150196,
              -23.4638025
            ],
            [
              -46.5144829,
              -23.4641672
            ],
            [
              -46.5142245,
              -23.4647871
            ],
            [
              -46.5138668,
              -23.4646595
            ],
            [
              -46.5136681,
              -23.4641489
            ],
            [
              -46.5127761,
              -23.4645308
            ],
            [
              -46.5129531,
              -23.4649246
            ],
            [
              -46.5116498,
              -23.4653232
            ],
            [
              -46.5105045,
              -23.4676421
            ],
            [
              -46.5097956,
              -23.4686641
            ],
            [
              -46.5100872,
              -23.4687546
            ],
            [
              -46.5108643,
              -23.4689991
            ],
            [
              -46.5119688,
              -23.4693403
            ],
            [
              -46.5127501,
              -23.4695865
            ],
            [
              -46.5134519,
              -23.4698068
            ],
            [
              -46.5139944,
              -23.4699794
            ],
            [
              -46.5143081,
              -23.4701441
            ],
            [
              -46.5149041,
              -23.4703291
            ],
            [
              -46.5154881,
              -23.4705241
            ],
            [
              -46.5160207,
              -23.4707194
            ],
            [
              -46.5166521,
              -23.4709591
            ],
            [
              -46.5174769,
              -23.4712977
            ],
            [
              -46.5176296,
              -23.4713634
            ],
            [
              -46.5176532,
              -23.4713696
            ],
            [
              -46.5241031,
              -23.4668721
            ],
            [
              -46.5267982,
              -23.4639406
            ],
            [
              -46.5269945,
              -23.4633722
            ]
          ]
        ]
      }
    },
    {
      "type": "Feature",
      "properties": {
        "station_name": "LM Hub_SP_Jardim Adriana",
        "zone_id": "D-12",
        "zone_name": "D-12",
        "zone_type": 100,
        "zone_area": 866812,
        "zone_remark": ""
      },
      "geometry": {
        "type": "Polygon",
        "coordinates": [
          [
            [
              -46.5156018,
              -23.4513837
            ],
            [
              -46.5155436,
              -23.4519708
            ],
            [
              -46.5149732,
              -23.4539121
            ],
            [
              -46.5144029,
              -23.4554651
            ],
            [
              -46.5129863,
              -23.4536926
            ],
            [
              -46.5119561,
              -23.4560558
            ],
            [
              -46.5126184,
              -23.4565453
            ],
            [
              -46.5124344,
              -23.4568661
            ],
            [
              -46.5101899,
              -23.4565284
            ],
            [
              -46.5097667,
              -23.4567647
            ],
            [
              -46.5096109,
              -23.4568437
            ],
            [
              -46.5100364,
              -23.4577503
            ],
            [
              -46.5111817,
              -23.4599968
            ],
            [
              -46.5123666,
              -23.4636202
            ],
            [
              -46.5127761,
              -23.4645308
            ],
            [
              -46.5136681,
              -23.4641489
            ],
            [
              -46.5138668,
              -23.4646595
            ],
            [
              -46.5142245,
              -23.4647871
            ],
            [
              -46.5144829,
              -23.4641672
            ],
            [
              -46.5150196,
              -23.4638025
            ],
            [
              -46.5155165,
              -23.4637842
            ],
            [
              -46.5161724,
              -23.4635107
            ],
            [
              -46.5165699,
              -23.4630001
            ],
            [
              -46.5167488,
              -23.4624895
            ],
            [
              -46.5171662,
              -23.4620519
            ],
            [
              -46.5176631,
              -23.4616325
            ],
            [
              -46.5183984,
              -23.4606478
            ],
            [
              -46.5186966,
              -23.4599001
            ],
            [
              -46.5193127,
              -23.4581861
            ],
            [
              -46.5196904,
              -23.4577666
            ],
            [
              -46.5203801,
              -23.4575682
            ],
            [
              -46.5201078,
              -23.4566625
            ],
            [
              -46.5201612,
              -23.4551441
            ],
            [
              -46.5201087,
              -23.4551007
            ],
            [
              -46.5166488,
              -23.4522472
            ],
            [
              -46.5156018,
              -23.4513837
            ]
          ]
        ]
      }
    },
    {
      "type": "Feature",
      "properties": {
        "station_name": "LM Hub_SP_Jardim Adriana",
        "zone_id": "D-13",
        "zone_name": "D-13",
        "zone_type": 100,
        "zone_area": 498354,
        "zone_remark": ""
      },
      "geometry": {
        "type": "Polygon",
        "coordinates": [
          [
            [
              -46.5151481,
              -23.4467782
            ],
            [
              -46.5152886,
              -23.4479761
            ],
            [
              -46.5155691,
              -23.4486492
            ],
            [
              -46.5155259,
              -23.4491838
            ],
            [
              -46.5149865,
              -23.4496391
            ],
            [
              -46.5141451,
              -23.4504904
            ],
            [
              -46.5139422,
              -23.4511019
            ],
            [
              -46.5148751,
              -23.4507844
            ],
            [
              -46.5156018,
              -23.4513837
            ],
            [
              -46.5166488,
              -23.4522472
            ],
            [
              -46.5201087,
              -23.4551007
            ],
            [
              -46.5204166,
              -23.4528708
            ],
            [
              -46.5207356,
              -23.4505602
            ],
            [
              -46.5208065,
              -23.4489671
            ],
            [
              -46.5210331,
              -23.4482567
            ],
            [
              -46.5212318,
              -23.4476339
            ],
            [
              -46.5212569,
              -23.4458577
            ],
            [
              -46.5204777,
              -23.4455664
            ],
            [
              -46.5194471,
              -23.4458185
            ],
            [
              -46.5191494,
              -23.4447888
            ],
            [
              -46.5165156,
              -23.4447888
            ],
            [
              -46.5165385,
              -23.4467642
            ],
            [
              -46.5151481,
              -23.4467782
            ]
          ]
        ]
      }
    },
    {
      "type": "Feature",
      "properties": {
        "station_name": "LM Hub_SP_Jardim Adriana",
        "zone_id": "D-14",
        "zone_name": "D-14",
        "zone_type": 100,
        "zone_area": 950589,
        "zone_remark": ""
      },
      "geometry": {
        "type": "Polygon",
        "coordinates": [
          [
            [
              -46.5145142,
              -23.4436506
            ],
            [
              -46.5092061,
              -23.4425746
            ],
            [
              -46.5076291,
              -23.4428241
            ],
            [
              -46.5076132,
              -23.4430934
            ],
            [
              -46.5081471,
              -23.4450529
            ],
            [
              -46.5085209,
              -23.4495597
            ],
            [
              -46.5085956,
              -23.4505061
            ],
            [
              -46.5087518,
              -23.4524831
            ],
            [
              -46.5087764,
              -23.4527941
            ],
            [
              -46.5087879,
              -23.4529397
            ],
            [
              -46.5089321,
              -23.4528863
            ],
            [
              -46.5088121,
              -23.4551414
            ],
            [
              -46.5096109,
              -23.4568437
            ],
            [
              -46.5097667,
              -23.4567647
            ],
            [
              -46.5101899,
              -23.4565284
            ],
            [
              -46.5124344,
              -23.4568661
            ],
            [
              -46.5126184,
              -23.4565453
            ],
            [
              -46.5119561,
              -23.4560558
            ],
            [
              -46.5129863,
              -23.4536926
            ],
            [
              -46.5144029,
              -23.4554651
            ],
            [
              -46.5149732,
              -23.4539121
            ],
            [
              -46.5155436,
              -23.4519708
            ],
            [
              -46.5156018,
              -23.4513837
            ],
            [
              -46.5148751,
              -23.4507844
            ],
            [
              -46.5139422,
              -23.4511019
            ],
            [
              -46.5141451,
              -23.4504904
            ],
            [
              -46.5149865,
              -23.4496391
            ],
            [
              -46.5155259,
              -23.4491838
            ],
            [
              -46.5155691,
              -23.4486492
            ],
            [
              -46.5152886,
              -23.4479761
            ],
            [
              -46.5151481,
              -23.4467782
            ],
            [
              -46.5151376,
              -23.4466893
            ],
            [
              -46.5150728,
              -23.4442145
            ],
            [
              -46.5145982,
              -23.4441749
            ],
            [
              -46.5145118,
              -23.4436602
            ],
            [
              -46.5145142,
              -23.4436506
            ]
          ]
        ]
      }
    },
    {
      "type": "Feature",
      "properties": {
        "station_name": "LM Hub_SP_Jardim Adriana",
        "zone_id": "D-15",
        "zone_name": "D-15",
        "zone_type": 100,
        "zone_area": 1050066,
        "zone_remark": ""
      },
      "geometry": {
        "type": "Polygon",
        "coordinates": [
          [
            [
              -46.5096109,
              -23.4568437
            ],
            [
              -46.5088121,
              -23.4551414
            ],
            [
              -46.5089321,
              -23.4528863
            ],
            [
              -46.5087879,
              -23.4529397
            ],
            [
              -46.5087764,
              -23.4527941
            ],
            [
              -46.5056916,
              -23.4529837
            ],
            [
              -46.5053831,
              -23.4546325
            ],
            [
              -46.5053467,
              -23.4554652
            ],
            [
              -46.5045817,
              -23.4577351
            ],
            [
              -46.5046991,
              -23.4577577
            ],
            [
              -46.5045508,
              -23.4584375
            ],
            [
              -46.5046991,
              -23.4593213
            ],
            [
              -46.5043779,
              -23.4599105
            ],
            [
              -46.5044521,
              -23.4613382
            ],
            [
              -46.5041309,
              -23.4619501
            ],
            [
              -46.5032664,
              -23.4623353
            ],
            [
              -46.5028712,
              -23.4629698
            ],
            [
              -46.5046991,
              -23.4640576
            ],
            [
              -46.5037045,
              -23.4666238
            ],
            [
              -46.5043598,
              -23.4668615
            ],
            [
              -46.5047415,
              -23.4669992
            ],
            [
              -46.5052769,
              -23.4671974
            ],
            [
              -46.5056793,
              -23.4673381
            ],
            [
              -46.5070478,
              -23.4678071
            ],
            [
              -46.5074496,
              -23.4679304
            ],
            [
              -46.5077349,
              -23.4680238
            ],
            [
              -46.5081364,
              -23.4681451
            ],
            [
              -46.5085314,
              -23.4682706
            ],
            [
              -46.5091899,
              -23.4684769
            ],
            [
              -46.5093613,
              -23.4685292
            ],
            [
              -46.5097956,
              -23.4686641
            ],
            [
              -46.5105045,
              -23.4676421
            ],
            [
              -46.5116498,
              -23.4653232
            ],
            [
              -46.5129531,
              -23.4649246
            ],
            [
              -46.5127761,
              -23.4645308
            ],
            [
              -46.5123666,
              -23.4636202
            ],
            [
              -46.5111817,
              -23.4599968
            ],
            [
              -46.5100364,
              -23.4577503
            ],
            [
              -46.5096109,
              -23.4568437
            ]
          ]
        ]
      }
    },
    {
      "type": "Feature",
      "properties": {
        "station_name": "LM Hub_SP_Jardim Adriana",
        "zone_id": "D-16",
        "zone_name": "D-16",
        "zone_type": 100,
        "zone_area": 1699899,
        "zone_remark": ""
      },
      "geometry": {
        "type": "Polygon",
        "coordinates": [
          [
            [
              -46.4911546,
              -23.4512441
            ],
            [
              -46.4899472,
              -23.4545671
            ],
            [
              -46.4909241,
              -23.4619373
            ],
            [
              -46.4909515,
              -23.4619465
            ],
            [
              -46.4929157,
              -23.4626938
            ],
            [
              -46.4933157,
              -23.4628693
            ],
            [
              -46.4940009,
              -23.4631173
            ],
            [
              -46.4951362,
              -23.4635321
            ],
            [
              -46.4961535,
              -23.4638975
            ],
            [
              -46.4974635,
              -23.4643727
            ],
            [
              -46.4976428,
              -23.4644373
            ],
            [
              -46.4988784,
              -23.4648784
            ],
            [
              -46.4994101,
              -23.4650711
            ],
            [
              -46.4999169,
              -23.4652574
            ],
            [
              -46.5002711,
              -23.4653834
            ],
            [
              -46.5007791,
              -23.4655665
            ],
            [
              -46.5014761,
              -23.4658204
            ],
            [
              -46.5018123,
              -23.4659441
            ],
            [
              -46.5021447,
              -23.4660631
            ],
            [
              -46.5026502,
              -23.4662462
            ],
            [
              -46.5031449,
              -23.4664245
            ],
            [
              -46.5036172,
              -23.4665921
            ],
            [
              -46.5037045,
              -23.4666238
            ],
            [
              -46.5046991,
              -23.4640576
            ],
            [
              -46.5028712,
              -23.4629698
            ],
            [
              -46.5032664,
              -23.4623353
            ],
            [
              -46.5041309,
              -23.4619501
            ],
            [
              -46.5044521,
              -23.4613382
            ],
            [
              -46.5043779,
              -23.4599105
            ],
            [
              -46.5046991,
              -23.4593213
            ],
            [
              -46.5045508,
              -23.4584375
            ],
            [
              -46.5046991,
              -23.4577577
            ],
            [
              -46.5045817,
              -23.4577351
            ],
            [
              -46.5018388,
              -23.4572071
            ],
            [
              -46.5021472,
              -23.4556457
            ],
            [
              -46.5023904,
              -23.4545391
            ],
            [
              -46.4979327,
              -23.4529241
            ],
            [
              -46.4969953,
              -23.4526751
            ],
            [
              -46.4966992,
              -23.4530372
            ],
            [
              -46.4952499,
              -23.4524601
            ],
            [
              -46.4911546,
              -23.4512441
            ]
          ]
        ]
      }
    },
    {
      "type": "Feature",
      "properties": {
        "station_name": "LM Hub_SP_Jardim Adriana",
        "zone_id": "D-17",
        "zone_name": "D-17",
        "zone_type": 100,
        "zone_area": 863405,
        "zone_remark": ""
      },
      "geometry": {
        "type": "Polygon",
        "coordinates": [
          [
            [
              -46.5087764,
              -23.4527941
            ],
            [
              -46.5087518,
              -23.4524831
            ],
            [
              -46.5085956,
              -23.4505061
            ],
            [
              -46.5076461,
              -23.4498775
            ],
            [
              -46.5072107,
              -23.4499616
            ],
            [
              -46.5061108,
              -23.4498144
            ],
            [
              -46.5028109,
              -23.4480272
            ],
            [
              -46.5015964,
              -23.4505924
            ],
            [
              -46.4987778,
              -23.4496042
            ],
            [
              -46.4979987,
              -23.4496462
            ],
            [
              -46.4923888,
              -23.4478473
            ],
            [
              -46.4911546,
              -23.4512441
            ],
            [
              -46.4952499,
              -23.4524601
            ],
            [
              -46.4966992,
              -23.4530372
            ],
            [
              -46.4969953,
              -23.4526751
            ],
            [
              -46.4979327,
              -23.4529241
            ],
            [
              -46.5023904,
              -23.4545391
            ],
            [
              -46.5021472,
              -23.4556457
            ],
            [
              -46.5018388,
              -23.4572071
            ],
            [
              -46.5045817,
              -23.4577351
            ],
            [
              -46.5053467,
              -23.4554652
            ],
            [
              -46.5053831,
              -23.4546325
            ],
            [
              -46.5056916,
              -23.4529837
            ],
            [
              -46.5087764,
              -23.4527941
            ]
          ]
        ]
      }
    },
    {
      "type": "Feature",
      "properties": {
        "station_name": "LM Hub_SP_Jardim Adriana",
        "zone_id": "D-18",
        "zone_name": "D-18",
        "zone_type": 100,
        "zone_area": 1706149,
        "zone_remark": ""
      },
      "geometry": {
        "type": "Polygon",
        "coordinates": [
          [
            [
              -46.5076291,
              -23.4428241
            ],
            [
              -46.5077669,
              -23.4404985
            ],
            [
              -46.5078511,
              -23.4390766
            ],
            [
              -46.5078801,
              -23.4385864
            ],
            [
              -46.5070333,
              -23.4374379
            ],
            [
              -46.4941731,
              -23.4404686
            ],
            [
              -46.4945132,
              -23.4424335
            ],
            [
              -46.4930175,
              -23.4461171
            ],
            [
              -46.4923888,
              -23.4478473
            ],
            [
              -46.4979987,
              -23.4496462
            ],
            [
              -46.4987778,
              -23.4496042
            ],
            [
              -46.5015964,
              -23.4505924
            ],
            [
              -46.5028109,
              -23.4480272
            ],
            [
              -46.5061108,
              -23.4498144
            ],
            [
              -46.5072107,
              -23.4499616
            ],
            [
              -46.5076461,
              -23.4498775
            ],
            [
              -46.5085956,
              -23.4505061
            ],
            [
              -46.5085209,
              -23.4495597
            ],
            [
              -46.5081471,
              -23.4450529
            ],
            [
              -46.5076132,
              -23.4430934
            ],
            [
              -46.5076291,
              -23.4428241
            ]
          ]
        ]
      }
    },
    {
      "type": "Feature",
      "properties": {
        "station_name": "LM Hub_SP_Jardim Adriana",
        "zone_id": "D-19",
        "zone_name": "D-19",
        "zone_type": 100,
        "zone_area": 1783907,
        "zone_remark": ""
      },
      "geometry": {
        "type": "Polygon",
        "coordinates": [
          [
            [
              -46.4882127,
              -23.4207673
            ],
            [
              -46.4876622,
              -23.4206532
            ],
            [
              -46.4862665,
              -23.4203639
            ],
            [
              -46.4860183,
              -23.4203125
            ],
            [
              -46.4852822,
              -23.4228351
            ],
            [
              -46.4853812,
              -23.4228586
            ],
            [
              -46.4916004,
              -23.4256036
            ],
            [
              -46.4941731,
              -23.4404686
            ],
            [
              -46.5070333,
              -23.4374379
            ],
            [
              -46.5054239,
              -23.4352551
            ],
            [
              -46.5045162,
              -23.4331484
            ],
            [
              -46.5023774,
              -23.4304631
            ],
            [
              -46.5023492,
              -23.4301017
            ],
            [
              -46.5008167,
              -23.4296148
            ],
            [
              -46.4979991,
              -23.4279654
            ],
            [
              -46.4966389,
              -23.4261821
            ],
            [
              -46.4963499,
              -23.4260338
            ],
            [
              -46.4937727,
              -23.4247109
            ],
            [
              -46.4912151,
              -23.4228201
            ],
            [
              -46.4885262,
              -23.4208323
            ],
            [
              -46.4882127,
              -23.4207673
            ]
          ]
        ]
      }
    },
    {
      "type": "Feature",
      "properties": {
        "station_name": "LM Hub_SP_Jardim Adriana",
        "zone_id": "D-2",
        "zone_name": "D-2",
        "zone_type": 100,
        "zone_area": 1430872,
        "zone_remark": ""
      },
      "geometry": {
        "type": "Polygon",
        "coordinates": [
          [
            [
              -46.5093564,
              -23.4131641
            ],
            [
              -46.5084008,
              -23.4145567
            ],
            [
              -46.5074615,
              -23.4159257
            ],
            [
              -46.5072386,
              -23.4171872
            ],
            [
              -46.5068299,
              -23.4184828
            ],
            [
              -46.5062354,
              -23.4196421
            ],
            [
              -46.5060346,
              -23.4214665
            ],
            [
              -46.5059441,
              -23.4222884
            ],
            [
              -46.5068966,
              -23.4226267
            ],
            [
              -46.5076463,
              -23.4237838
            ],
            [
              -46.5096229,
              -23.4249095
            ],
            [
              -46.5107098,
              -23.4253108
            ],
            [
              -46.5125878,
              -23.4260041
            ],
            [
              -46.5129627,
              -23.4270046
            ],
            [
              -46.5138829,
              -23.4283181
            ],
            [
              -46.5151779,
              -23.4296626
            ],
            [
              -46.5152778,
              -23.4296262
            ],
            [
              -46.5173249,
              -23.4288808
            ],
            [
              -46.5213565,
              -23.4300843
            ],
            [
              -46.5213772,
              -23.4300905
            ],
            [
              -46.5214791,
              -23.4301041
            ],
            [
              -46.5219991,
              -23.4273801
            ],
            [
              -46.5222451,
              -23.4268159
            ],
            [
              -46.5217628,
              -23.4247094
            ],
            [
              -46.5200855,
              -23.4229392
            ],
            [
              -46.5170104,
              -23.4211946
            ],
            [
              -46.5143826,
              -23.4198605
            ],
            [
              -46.5131526,
              -23.4190652
            ],
            [
              -46.5130687,
              -23.4174489
            ],
            [
              -46.5121742,
              -23.4173719
            ],
            [
              -46.5113075,
              -23.4167562
            ],
            [
              -46.5109162,
              -23.4156786
            ],
            [
              -46.5101614,
              -23.4151398
            ],
            [
              -46.5094905,
              -23.4146781
            ],
            [
              -46.5085985,
              -23.4142686
            ],
            [
              -46.5093564,
              -23.4131641
            ]
          ]
        ]
      }
    },
    {
      "type": "Feature",
      "properties": {
        "station_name": "LM Hub_SP_Jardim Adriana",
        "zone_id": "D-3",
        "zone_name": "D-3",
        "zone_type": 100,
        "zone_area": 774676,
        "zone_remark": ""
      },
      "geometry": {
        "type": "Polygon",
        "coordinates": [
          [
            [
              -46.5059441,
              -23.4222884
            ],
            [
              -46.5058401,
              -23.4222515
            ],
            [
              -46.5056356,
              -23.4240027
            ],
            [
              -46.5039026,
              -23.4258012
            ],
            [
              -46.5026951,
              -23.4284278
            ],
            [
              -46.5023371,
              -23.4299464
            ],
            [
              -46.5023492,
              -23.4301017
            ],
            [
              -46.5023774,
              -23.4304631
            ],
            [
              -46.5045162,
              -23.4331484
            ],
            [
              -46.5054239,
              -23.4352551
            ],
            [
              -46.5070333,
              -23.4374379
            ],
            [
              -46.5078801,
              -23.4385864
            ],
            [
              -46.5078511,
              -23.4390766
            ],
            [
              -46.5083732,
              -23.4363662
            ],
            [
              -46.5086893,
              -23.4349394
            ],
            [
              -46.5086175,
              -23.4339953
            ],
            [
              -46.5088328,
              -23.4331391
            ],
            [
              -46.5090178,
              -23.4324295
            ],
            [
              -46.5090961,
              -23.4321291
            ],
            [
              -46.5087851,
              -23.4308556
            ],
            [
              -46.5086175,
              -23.4296261
            ],
            [
              -46.5087611,
              -23.4284844
            ],
            [
              -46.5090961,
              -23.4274963
            ],
            [
              -46.5094928,
              -23.4272641
            ],
            [
              -46.5102345,
              -23.4261222
            ],
            [
              -46.5107098,
              -23.4253108
            ],
            [
              -46.5096229,
              -23.4249095
            ],
            [
              -46.5076463,
              -23.4237838
            ],
            [
              -46.5068966,
              -23.4226267
            ],
            [
              -46.5059441,
              -23.4222884
            ]
          ]
        ]
      }
    },
    {
      "type": "Feature",
      "properties": {
        "station_name": "LM Hub_SP_Jardim Adriana",
        "zone_id": "D-4",
        "zone_name": "D-4",
        "zone_type": 100,
        "zone_area": 492317,
        "zone_remark": ""
      },
      "geometry": {
        "type": "Polygon",
        "coordinates": [
          [
            [
              -46.5152778,
              -23.4296262
            ],
            [
              -46.5151779,
              -23.4296626
            ],
            [
              -46.5138829,
              -23.4283181
            ],
            [
              -46.5129627,
              -23.4270046
            ],
            [
              -46.5125878,
              -23.4260041
            ],
            [
              -46.5107098,
              -23.4253108
            ],
            [
              -46.5102345,
              -23.4261222
            ],
            [
              -46.5094928,
              -23.4272641
            ],
            [
              -46.5090961,
              -23.4274963
            ],
            [
              -46.5087611,
              -23.4284844
            ],
            [
              -46.5086175,
              -23.4296261
            ],
            [
              -46.5087851,
              -23.4308556
            ],
            [
              -46.5090961,
              -23.4321291
            ],
            [
              -46.5090178,
              -23.4324295
            ],
            [
              -46.5168059,
              -23.4341509
            ],
            [
              -46.5167716,
              -23.4340772
            ],
            [
              -46.5162642,
              -23.4319528
            ],
            [
              -46.5161373,
              -23.4304978
            ],
            [
              -46.5156617,
              -23.4301777
            ],
            [
              -46.5152778,
              -23.4296262
            ]
          ]
        ]
      }
    },
    {
      "type": "Feature",
      "properties": {
        "station_name": "LM Hub_SP_Jardim Adriana",
        "zone_id": "D-5",
        "zone_name": "D-5",
        "zone_type": 100,
        "zone_area": 537547,
        "zone_remark": ""
      },
      "geometry": {
        "type": "Polygon",
        "coordinates": [
          [
            [
              -46.5213565,
              -23.4300843
            ],
            [
              -46.5173249,
              -23.4288808
            ],
            [
              -46.5152778,
              -23.4296262
            ],
            [
              -46.5156617,
              -23.4301777
            ],
            [
              -46.5161373,
              -23.4304978
            ],
            [
              -46.5162642,
              -23.4319528
            ],
            [
              -46.5167716,
              -23.4340772
            ],
            [
              -46.5168059,
              -23.4341509
            ],
            [
              -46.5177864,
              -23.4362597
            ],
            [
              -46.5182937,
              -23.4375401
            ],
            [
              -46.5183951,
              -23.4376678
            ],
            [
              -46.5188011,
              -23.4381802
            ],
            [
              -46.5192768,
              -23.4387331
            ],
            [
              -46.5203551,
              -23.4395479
            ],
            [
              -46.5219089,
              -23.4397516
            ],
            [
              -46.5222831,
              -23.4400553
            ],
            [
              -46.5224368,
              -23.4396676
            ],
            [
              -46.5223831,
              -23.4390359
            ],
            [
              -46.5222596,
              -23.4375866
            ],
            [
              -46.5221178,
              -23.4358632
            ],
            [
              -46.5216925,
              -23.4332292
            ],
            [
              -46.5213565,
              -23.4300843
            ]
          ]
        ]
      }
    },
    {
      "type": "Feature",
      "properties": {
        "station_name": "LM Hub_SP_Jardim Adriana",
        "zone_id": "D-6",
        "zone_name": "D-6",
        "zone_type": 100,
        "zone_area": 874399,
        "zone_remark": ""
      },
      "geometry": {
        "type": "Polygon",
        "coordinates": [
          [
            [
              -46.5168059,
              -23.4341509
            ],
            [
              -46.5090178,
              -23.4324295
            ],
            [
              -46.5088328,
              -23.4331391
            ],
            [
              -46.5086175,
              -23.4339953
            ],
            [
              -46.5086893,
              -23.4349394
            ],
            [
              -46.5083732,
              -23.4363662
            ],
            [
              -46.5078511,
              -23.4390766
            ],
            [
              -46.5077669,
              -23.4404985
            ],
            [
              -46.5076291,
              -23.4428241
            ],
            [
              -46.5092061,
              -23.4425746
            ],
            [
              -46.5145142,
              -23.4436506
            ],
            [
              -46.5146629,
              -23.4430662
            ],
            [
              -46.5146629,
              -23.4423733
            ],
            [
              -46.5146197,
              -23.4419179
            ],
            [
              -46.5143244,
              -23.4407882
            ],
            [
              -46.5138053,
              -23.4408297
            ],
            [
              -46.5133088,
              -23.4405397
            ],
            [
              -46.5140084,
              -23.4395871
            ],
            [
              -46.5150015,
              -23.4388829
            ],
            [
              -46.5183951,
              -23.4376678
            ],
            [
              -46.5182937,
              -23.4375401
            ],
            [
              -46.5177864,
              -23.4362597
            ],
            [
              -46.5168059,
              -23.4341509
            ]
          ]
        ]
      }
    },
    {
      "type": "Feature",
      "properties": {
        "station_name": "LM Hub_SP_Jardim Adriana",
        "zone_id": "D-7",
        "zone_name": "D-7",
        "zone_type": 100,
        "zone_area": 547564,
        "zone_remark": ""
      },
      "geometry": {
        "type": "Polygon",
        "coordinates": [
          [
            [
              -46.5183951,
              -23.4376678
            ],
            [
              -46.5150015,
              -23.4388829
            ],
            [
              -46.5140084,
              -23.4395871
            ],
            [
              -46.5133088,
              -23.4405397
            ],
            [
              -46.5138053,
              -23.4408297
            ],
            [
              -46.5143244,
              -23.4407882
            ],
            [
              -46.5146197,
              -23.4419179
            ],
            [
              -46.5146629,
              -23.4423733
            ],
            [
              -46.5146629,
              -23.4430662
            ],
            [
              -46.5145142,
              -23.4436506
            ],
            [
              -46.5145118,
              -23.4436602
            ],
            [
              -46.5145982,
              -23.4441749
            ],
            [
              -46.5150728,
              -23.4442145
            ],
            [
              -46.5151376,
              -23.4466893
            ],
            [
              -46.5151481,
              -23.4467782
            ],
            [
              -46.5165385,
              -23.4467642
            ],
            [
              -46.5165156,
              -23.4447888
            ],
            [
              -46.5191494,
              -23.4447888
            ],
            [
              -46.5194471,
              -23.4458185
            ],
            [
              -46.5204777,
              -23.4455664
            ],
            [
              -46.5212569,
              -23.4458577
            ],
            [
              -46.5212672,
              -23.4451303
            ],
            [
              -46.5210901,
              -23.4432444
            ],
            [
              -46.5215862,
              -23.4418137
            ],
            [
              -46.5222831,
              -23.4400553
            ],
            [
              -46.5219089,
              -23.4397516
            ],
            [
              -46.5203551,
              -23.4395479
            ],
            [
              -46.5192768,
              -23.4387331
            ],
            [
              -46.5188011,
              -23.4381802
            ],
            [
              -46.5183951,
              -23.4376678
            ]
          ]
        ]
      }
    },
    {
      "type": "Feature",
      "properties": {
        "station_name": "LM Hub_SP_Jardim Adriana",
        "zone_id": "D-8",
        "zone_name": "D-8",
        "zone_type": 100,
        "zone_area": 595806,
        "zone_remark": ""
      },
      "geometry": {
        "type": "Polygon",
        "coordinates": [
          [
            [
              -46.5253129,
              -23.4474091
            ],
            [
              -46.5255007,
              -23.4470843
            ],
            [
              -46.5253701,
              -23.4453178
            ],
            [
              -46.5263041,
              -23.4447863
            ],
            [
              -46.5262481,
              -23.4432605
            ],
            [
              -46.5261361,
              -23.4427976
            ],
            [
              -46.5268834,
              -23.4421291
            ],
            [
              -46.5278736,
              -23.4422662
            ],
            [
              -46.5290321,
              -23.4414261
            ],
            [
              -46.5299662,
              -23.4413918
            ],
            [
              -46.5301531,
              -23.4410318
            ],
            [
              -46.5308483,
              -23.4409521
            ],
            [
              -46.5308672,
              -23.4409001
            ],
            [
              -46.5305075,
              -23.4402699
            ],
            [
              -46.5306731,
              -23.4398901
            ],
            [
              -46.5303085,
              -23.4393237
            ],
            [
              -46.5231235,
              -23.4384796
            ],
            [
              -46.5226301,
              -23.4388595
            ],
            [
              -46.5223831,
              -23.4390359
            ],
            [
              -46.5224368,
              -23.4396676
            ],
            [
              -46.5222831,
              -23.4400553
            ],
            [
              -46.5215862,
              -23.4418137
            ],
            [
              -46.5210901,
              -23.4432444
            ],
            [
              -46.5212672,
              -23.4451303
            ],
            [
              -46.5212569,
              -23.4458577
            ],
            [
              -46.5212318,
              -23.4476339
            ],
            [
              -46.5210331,
              -23.4482567
            ],
            [
              -46.5253129,
              -23.4474091
            ]
          ]
        ]
      }
    },
    {
      "type": "Feature",
      "properties": {
        "station_name": "LM Hub_SP_Jardim Adriana",
        "zone_id": "D-9",
        "zone_name": "D-9",
        "zone_type": 100,
        "zone_area": 603774,
        "zone_remark": ""
      },
      "geometry": {
        "type": "Polygon",
        "coordinates": [
          [
            [
              -46.5327563,
              -23.4539881
            ],
            [
              -46.5278818,
              -23.4518513
            ],
            [
              -46.5295358,
              -23.4489162
            ],
            [
              -46.5270117,
              -23.4485109
            ],
            [
              -46.5250168,
              -23.4486011
            ],
            [
              -46.5255073,
              -23.4473706
            ],
            [
              -46.5253129,
              -23.4474091
            ],
            [
              -46.5210331,
              -23.4482567
            ],
            [
              -46.5208065,
              -23.4489671
            ],
            [
              -46.5207356,
              -23.4505602
            ],
            [
              -46.5204166,
              -23.4528708
            ],
            [
              -46.5208641,
              -23.4528861
            ],
            [
              -46.5208641,
              -23.4524277
            ],
            [
              -46.5213409,
              -23.4524798
            ],
            [
              -46.5220561,
              -23.4526569
            ],
            [
              -46.5220448,
              -23.4536465
            ],
            [
              -46.5237478,
              -23.4538548
            ],
            [
              -46.5238501,
              -23.4541257
            ],
            [
              -46.5238429,
              -23.4543021
            ],
            [
              -46.5255269,
              -23.4545997
            ],
            [
              -46.5269019,
              -23.4548549
            ],
            [
              -46.5275508,
              -23.4547698
            ],
            [
              -46.5284777,
              -23.4550675
            ],
            [
              -46.5308211,
              -23.4543748
            ],
            [
              -46.5316621,
              -23.4543555
            ],
            [
              -46.5327563,
              -23.4539881
            ]
          ]
        ]
      }
    }
  ]
}